student_id,name,project_title,programme,project_name,abstract,areas,methods,references,preferred_supervisor_id,preferred_group,locked_supervisor_id
s2300000,Kate Young,The impact of digital economy practices on firm performance: evidence from econometrics,BSc Business Management,UG-0000,"This dissertation investigates digital economy in the context of UK firms. Using econometrics, the project collects secondary data from published sources and examines whether digital economy is associated with measurable performance outcomes. The contribution lies in linking the digital economy literature to practical decision making.",digital economy,econometrics,Smith (2021); Lee and Wang (2020) on digital economy,,,
s2300001,Yara Campbell,Exploring finance adoption using interview,BSc Accounting & Finance,UG-0001,"This dissertation investigates finance in the context of UK firms. Using interview, the project collects secondary data from published sources and examines whether finance is associated with measurable performance outcomes. The contribution lies in linking the finance literature to practical decision making.",finance,interview,Smith (2021); Lee and Wang (2020) on finance,,,
s2300002,Rhona Jones,Measuring the effect of sustainability on customer outcomes through econometrics,BSc Accounting & Finance,UG-0002,"This dissertation investigates sustainability in the context of UK firms. Using econometrics, the project collects secondary data from published sources and examines whether sustainability is associated with measurable performance outcomes. The contribution lies in linking the sustainability literature to practical decision making.",sustainability,econometrics,Smith (2021); Lee and Wang (2020) on sustainability,SUP073,,
s2300003,Will Grant,How does logistics shape decision making? A systematic review approach,BSc Business Management,UG-0003,"This dissertation investigates logistics in the context of UK firms. Using systematic review, the project collects secondary data from published sources and examines whether logistics is associated with measurable performance outcomes. The contribution lies in linking the logistics literature to practical decision making.",logistics,systematic review,Smith (2021); Lee and Wang (2020) on logistics,,,
s2300004,Qi Jones,sustainability in the UK context: a text mining study,BSc Business Management,UG-0004,"This dissertation investigates sustainability in the context of UK firms. Using text mining, the project collects secondary data from published sources and examines whether sustainability is associated with measurable performance outcomes. The contribution lies in linking the sustainability literature to practical decision making.",sustainability,text mining,Smith (2021); Lee and Wang (2020) on sustainability,,,
s2300005,Tara Young,accounting in the UK context: a case study study,MA Economics & Business,UG-0005,"This dissertation investigates accounting in the context of UK firms. Using case study, the project collects secondary data from published sources and examines whether accounting is associated with measurable performance outcomes. The contribution lies in linking the accounting literature to practical decision making.",accounting,case study,Smith (2021); Lee and Wang (2020) on accounting,SUP084,,
s2300006,Will Nolan,The impact of sustainability practices on firm performance: evidence from text mining,BSc Business Management,UG-0006,"This dissertation investigates sustainability in the context of UK firms. Using text mining, the project collects secondary data from published sources and examines whether sustainability is associated with measurable performance outcomes. The contribution lies in linking the sustainability literature to practical decision making.",sustainability,text mining,Smith (2021); Lee and Wang (2020) on sustainability,SUP046,,
s2300007,Alice Zhang,How does digital economy shape decision making? A survey approach,BSc Business Management,UG-0007,"This dissertation investigates digital economy in the context of UK firms. Using survey, the project collects secondary data from published sources and examines whether digital economy is associated with measurable performance outcomes. The contribution lies in linking the digital economy literature to practical decision making.",digital economy,survey,Smith (2021); Lee and Wang (2020) on digital economy,,,
s2300008,Qi Irvine,How does sustainability shape decision making? A network analysis approach,MA Economics & Business,UG-0008,"This dissertation investigates sustainability in the context of UK firms. Using network analysis, the project collects secondary data from published sources and examines whether sustainability is associated with measurable performance outcomes. The contribution lies in linking the sustainability literature to practical decision making.",sustainability,network analysis,Smith (2021); Lee and Wang (2020) on sustainability,,,
s2300009,Kate Ogilvie,Measuring the effect of entrepreneurship on customer outcomes through simulation,BSc Accounting & Finance,UG-0009,"This dissertation investigates entrepreneurship in the context of UK firms. Using simulation, the project collects secondary data from published sources and examines whether entrepreneurship is associated with measurable performance outcomes. The contribution lies in linking the entrepreneurship literature to practical decision making.",entrepreneurship,simulation,Smith (2021); Lee and Wang (2020) on entrepreneurship,,,
s2300010,Jian Kerr,Exploring operations adoption using machine learning,BSc Business Management,UG-0010,"This dissertation investigates operations in the context of UK firms. Using machine learning, the project collects secondary data from published sources and examines whether operations is associated with measurable performance outcomes. The contribution lies in linking the operations literature to practical decision making.",operations,machine learning,Smith (2021); Lee and Wang (2020) on operations,SUP014,,
s2300011,Alice Young,Exploring consumer behaviour adoption using text mining,BSc Accounting & Finance,UG-0011,"This dissertation investigates consumer behaviour in the context of UK firms. Using text mining, the project collects secondary data from published sources and examines whether consumer behaviour is associated with measurable performance outcomes. The contribution lies in linking the consumer behaviour literature to practical decision making.",consumer behaviour,text mining,Smith (2021); Lee and Wang (2020) on consumer behaviour,SUP026,,
s2300012,Isla Hughes,accounting in the UK context: a experiment study,BSc Accounting & Finance,UG-0012,"This dissertation investigates accounting in the context of UK firms. Using experiment, the project collects secondary data from published sources and examines whether accounting is associated with measurable performance outcomes. The contribution lies in linking the accounting literature to practical decision making.",accounting,experiment,Smith (2021); Lee and Wang (2020) on accounting,SUP021,,
s2300013,Liam Grant,The impact of accounting practices on firm performance: evidence from interview,BSc Business Management,UG-0013,"This dissertation investigates accounting in the context of UK firms. Using interview, the project collects secondary data from published sources and examines whether accounting is associated with measurable performance outcomes. The contribution lies in linking the accounting literature to practical decision making.",accounting,interview,Smith (2021); Lee and Wang (2020) on accounting,,,
s2300014,Yara Ross,supply chain in the UK context: a econometrics study,BSc Business Management,UG-0014,"This dissertation investigates supply chain in the context of UK firms. Using econometrics, the project collects secondary data from published sources and examines whether supply chain is associated with measurable performance outcomes. The contribution lies in linking the supply chain literature to practical decision making.",supply chain,econometrics,Smith (2021); Lee and Wang (2020) on supply chain,SUP025,,
s2300015,Hamid Hughes,Measuring the effect of marketing analytics on customer outcomes through econometrics,BSc International Business,UG-0015,"This dissertation investigates marketing analytics in the context of UK firms. Using econometrics, the project collects secondary data from published sources and examines whether marketing analytics is associated with measurable performance outcomes. The contribution lies in linking the marketing analytics literature to practical decision making.",marketing analytics,econometrics,Smith (2021); Lee and Wang (2020) on marketing analytics,,,
s2300016,Jian Young,operations in the UK context: a systematic review study,BSc Accounting & Finance,UG-0016,"This dissertation investigates operations in the context of UK firms. Using systematic review, the project collects secondary data from published sources and examines whether operations is associated with measurable performance outcomes. The contribution lies in linking the operations literature to practical decision making.",operations,systematic review,Smith (2021); Lee and Wang (2020) on operations,SUP007,,
s2300017,Liam Campbell,Measuring the effect of retail on customer outcomes through optimisation,BSc Accounting & Finance,UG-0017,"This dissertation investigates retail in the context of UK firms. Using optimisation, the project collects secondary data from published sources and examines whether retail is associated with measurable performance outcomes. The contribution lies in linking the retail literature to practical decision making.",retail,optimisation,Smith (2021); Lee and Wang (2020) on retail,,,
s2300018,Olga Campbell,How does healthcare management shape decision making? A simulation approach,BSc International Business,UG-0018,"This dissertation investigates healthcare management in the context of UK firms. Using simulation, the project collects secondary data from published sources and examines whether healthcare management is associated with measurable performance outcomes. The contribution lies in linking the healthcare management literature to practical decision making.",healthcare management,simulation,Smith (2021); Lee and Wang (2020) on healthcare management,SUP011,,
s2300019,Pavel Taylor,How does healthcare management shape decision making? A simulation approach,BSc Accounting & Finance,UG-0019,"This dissertation investigates healthcare management in the context of UK firms. Using simulation, the project collects secondary data from published sources and examines whether healthcare management is associated with measurable performance outcomes. The contribution lies in linking the healthcare management literature to practical decision making.",healthcare management,simulation,Smith (2021); Lee and Wang (2020) on healthcare management,,,
s2300020,Alice Urquhart,The impact of healthcare management practices on firm performance: evidence from simulation,MA Economics & Business,UG-0020,"This dissertation investigates healthcare management in the context of UK firms. Using simulation, the project collects secondary data from published sources and examines whether healthcare management is associated with measurable performance outcomes. The contribution lies in linking the healthcare management literature to practical decision making.",healthcare management,simulation,Smith (2021); Lee and Wang (2020) on healthcare management,,,
s2300021,Dara Stewart,The impact of marketing analytics practices on firm performance: evidence from simulation,BSc Business Management,UG-0021,"This dissertation investigates marketing analytics in the context of UK firms. Using simulation, the project collects secondary data from published sources and examines whether marketing analytics is associated with measurable performance outcomes. The contribution lies in linking the marketing analytics literature to practical decision making.",marketing analytics,simulation,Smith (2021); Lee and Wang (2020) on marketing analytics,,,
s2300022,Qi Kerr,The impact of logistics practices on firm performance: evidence from network analysis,BSc Accounting & Finance,UG-0022,"This dissertation investigates logistics in the context of UK firms. Using network analysis, the project collects secondary data from published sources and examines whether logistics is associated with measurable performance outcomes. The contribution lies in linking the logistics literature to practical decision making.",logistics,network analysis,Smith (2021); Lee and Wang (2020) on logistics,SUP048,,
s2300023,Olga Watson,Exploring sustainability adoption using text mining,BSc Accounting & Finance,UG-0023,"This dissertation investigates sustainability in the context of UK firms. Using text mining, the project collects secondary data from published sources and examines whether sustainability is associated with measurable performance outcomes. The contribution lies in linking the sustainability literature to practical decision making.",sustainability,text mining,Smith (2021); Lee and Wang (2020) on sustainability,,,
s2300024,Grace Hughes,The impact of finance practices on firm performance: evidence from text mining,BSc Business Management,UG-0024,"This dissertation investigates finance in the context of UK firms. Using text mining, the project collects secondary data from published sources and examines whether finance is associated with measurable performance outcomes. The contribution lies in linking the finance literature to practical decision making.",finance,text mining,Smith (2021); Lee and Wang (2020) on finance,,,
s2300025,Isla Nolan,How does operations shape decision making? A network analysis approach,BSc Accounting & Finance,UG-0025,"This dissertation investigates operations in the context of UK firms. Using network analysis, the project collects secondary data from published sources and examines whether operations is associated with measurable performance outcomes. The contribution lies in linking the operations literature to practical decision making.",operations,network analysis,Smith (2021); Lee and Wang (2020) on operations,,,
s2300026,Niall Jones,The impact of accounting practices on firm performance: evidence from simulation,BSc Business Management,UG-0026,"This dissertation investigates accounting in the context of UK firms. Using simulation, the project collects secondary data from published sources and examines whether accounting is associated with measurable performance outcomes. The contribution lies in linking the accounting literature to practical decision making.",accounting,simulation,Smith (2021); Lee and Wang (2020) on accounting,SUP019,,
s2300027,Maya Douglas,The impact of retail practices on firm performance: evidence from econometrics,BSc International Business,UG-0027,"This dissertation investigates retail in the context of UK firms. Using econometrics, the project collects secondary data from published sources and examines whether retail is associated with measurable performance outcomes. The contribution lies in linking the retail literature to practical decision making.",retail,econometrics,Smith (2021); Lee and Wang (2020) on retail,,,
s2300028,Will Anderson,How does retail shape decision making? A machine learning approach,BSc International Business,UG-0028,"This dissertation investigates retail in the context of UK firms. Using machine learning, the project collects secondary data from published sources and examines whether retail is associated with measurable performance outcomes. The contribution lies in linking the retail literature to practical decision making.",retail,machine learning,Smith (2021); Lee and Wang (2020) on retail,,,
s2300029,Isla Brown,operations in the UK context: a regression study,BSc Business Management,UG-0029,"This dissertation investigates operations in the context of UK firms. Using regression, the project collects secondary data from published sources and examines whether operations is associated with measurable performance outcomes. The contribution lies in linking the operations literature to practical decision making.",operations,regression,Smith (2021); Lee and Wang (2020) on operations,,,
s2300030,Vera Zhang,The impact of accounting practices on firm performance: evidence from interview,BSc Accounting & Finance,UG-0030,"This dissertation investigates accounting in the context of UK firms. Using interview, the project collects secondary data from published sources and examines whether accounting is associated with measurable performance outcomes. The contribution lies in linking the accounting literature to practical decision making.",accounting,interview,Smith (2021); Lee and Wang (2020) on accounting,,,
s2300031,Maya Vance,Measuring the effect of healthcare management on customer outcomes through simulation,BSc Business Management,UG-0031,"This dissertation investigates healthcare management in the context of UK firms. Using simulation, the project collects secondary data from published sources and examines whether healthcare management is associated with measurable performance outcomes. The contribution lies in linking the healthcare management literature to practical decision making.",healthcare management,simulation,Smith (2021); Lee and Wang (2020) on healthcare management,,,
s2300032,Ben Urquhart,Exploring hrm adoption using regression,BSc Business Management,UG-0032,"This dissertation investigates hrm in the context of UK firms. Using regression, the project collects secondary data from published sources and examines whether hrm is associated with measurable performance outcomes. The contribution lies in linking the hrm literature to practical decision making.",hrm,regression,Smith (2021); Lee and Wang (2020) on hrm,,,
s2300033,Umar Fraser,Measuring the effect of entrepreneurship on customer outcomes through case study,BSc International Business,UG-0033,"This dissertation investigates entrepreneurship in the context of UK firms. Using case study, the project collects secondary data from published sources and examines whether entrepreneurship is associated with measurable performance outcomes. The contribution lies in linking the entrepreneurship literature to practical decision making.",entrepreneurship,case study,Smith (2021); Lee and Wang (2020) on entrepreneurship,,,
s2300034,Olga Zhang,Business topic to be confirmed,BSc Business Management,UG-0034,I am still deciding on my topic but I am interested in business.,,,,,,
s2300035,Umar Douglas,sustainability in the UK context: a regression study,BSc Business Management,UG-0035,"This dissertation investigates sustainability in the context of UK firms. Using regression, the project collects secondary data from published sources and examines whether sustainability is associated with measurable performance outcomes. The contribution lies in linking the sustainability literature to practical decision making.",sustainability,regression,Smith (2021); Lee and Wang (2020) on sustainability,,,
s2300036,Kate Quinn,How does logistics shape decision making? A survey approach,BSc Accounting & Finance,UG-0036,"This dissertation investigates logistics in the context of UK firms. Using survey, the project collects secondary data from published sources and examines whether logistics is associated with measurable performance outcomes. The contribution lies in linking the logistics literature to practical decision making.",logistics,survey,Smith (2021); Lee and Wang (2020) on logistics,,,
s2300037,Rhona Paterson,The impact of strategy practices on firm performance: evidence from survey,BSc Business Management,UG-0037,"This dissertation investigates strategy in the context of UK firms. Using survey, the project collects secondary data from published sources and examines whether strategy is associated with measurable performance outcomes. The contribution lies in linking the strategy literature to practical decision making.",strategy,survey,Smith (2021); Lee and Wang (2020) on strategy,,,
s2300038,Isla Campbell,Exploring accounting adoption using interview,MA Economics & Business,UG-0038,"This dissertation investigates accounting in the context of UK firms. Using interview, the project collects secondary data from published sources and examines whether accounting is associated with measurable performance outcomes. The contribution lies in linking the accounting literature to practical decision making.",accounting,interview,Smith (2021); Lee and Wang (2020) on accounting,,,
s2300039,Hamid Xu,Exploring hrm adoption using regression,BSc Business Management,UG-0039,"This dissertation investigates hrm in the context of UK firms. Using regression, the project collects secondary data from published sources and examines whether hrm is associated with measurable performance outcomes. The contribution lies in linking the hrm literature to practical decision making.",hrm,regression,Smith (2021); Lee and Wang (2020) on hrm,,,
s2300040,Niall Evans,How does digital economy shape decision making? A survey approach,BSc Business Management,UG-0040,"This dissertation investigates digital economy in the context of UK firms. Using survey, the project collects secondary data from published sources and examines whether digital economy is associated with measurable performance outcomes. The contribution lies in linking the digital economy literature to practical decision making.",digital economy,survey,Smith (2021); Lee and Wang (2020) on digital economy,,,
s2300041,Kate Kerr,Measuring the effect of strategy on customer outcomes through simulation,BSc Business Management,UG-0041,"This dissertation investigates strategy in the context of UK firms. Using simulation, the project collects secondary data from published sources and examines whether strategy is associated with measurable performance outcomes. The contribution lies in linking the strategy literature to practical decision making.",strategy,simulation,Smith (2021); Lee and Wang (2020) on strategy,,,
s2300042,Niall Irvine,hrm in the UK context: a case study study,BSc Business Management,UG-0042,"This dissertation investigates hrm in the context of UK firms. Using case study, the project collects secondary data from published sources and examines whether hrm is associated with measurable performance outcomes. The contribution lies in linking the hrm literature to practical decision making.",hrm,case study,Smith (2021); Lee and Wang (2020) on hrm,,,
s2300043,Maya Lewis,How does banking shape decision making? A simulation approach,BSc Accounting & Finance,UG-0043,"This dissertation investigates banking in the context of UK firms. Using simulation, the project collects secondary data from published sources and examines whether banking is associated with measurable performance outcomes. The contribution lies in linking the banking literature to practical decision making.",banking,simulation,Smith (2021); Lee and Wang (2020) on banking,SUP013,,
s2300044,Tara Ross,How does consumer behaviour shape decision making? A text mining approach,MA Economics & Business,UG-0044,"This dissertation investigates consumer behaviour in the context of UK firms. Using text mining, the project collects secondary data from published sources and examines whether consumer behaviour is associated with measurable performance outcomes. The contribution lies in linking the consumer behaviour literature to practical decision making.",consumer behaviour,text mining,Smith (2021); Lee and Wang (2020) on consumer behaviour,,,
s2300045,Fraser Young,Measuring the effect of supply chain on customer outcomes through experiment,BSc Accounting & Finance,UG-0045,"This dissertation investigates supply chain in the context of UK firms. Using experiment, the project collects secondary data from published sources and examines whether supply chain is associated with measurable performance outcomes. The contribution lies in linking the supply chain literature to practical decision making.",supply chain,experiment,Smith (2021); Lee and Wang (2020) on supply chain,SUP098,,
s2300046,Dara Taylor,The impact of strategy practices on firm performance: evidence from machine learning,BSc Business Management,UG-0046,"This dissertation investigates strategy in the context of UK firms. Using machine learning, the project collects secondary data from published sources and examines whether strategy is associated with measurable performance outcomes. The contribution lies in linking the strategy literature to practical decision making.",strategy,machine learning,Smith (2021); Lee and Wang (2020) on strategy,,,
s2300047,Tara Fraser,Measuring the effect of consumer behaviour on customer outcomes through text mining,BSc Business Management,UG-0047,"This dissertation investigates consumer behaviour in the context of UK firms. Using text mining, the project collects secondary data from published sources and examines whether consumer behaviour is associated with measurable performance outcomes. The contribution lies in linking the consumer behaviour literature to practical decision making.",consumer behaviour,text mining,Smith (2021); Lee and Wang (2020) on consumer behaviour,,,
s2300048,Yara Taylor,How does hrm shape decision making? A experiment approach,BSc Business Management,UG-0048,"This dissertation investigates hrm in the context of UK firms. Using experiment, the project collects secondary data from published sources and examines whether hrm is associated with measurable performance outcomes. The contribution lies in linking the hrm literature to practical decision making.",hrm,experiment,Smith (2021); Lee and Wang (2020) on hrm,,,
s2300049,Niall Kerr,supply chain in the UK context: a optimisation study,MA Economics & Business,UG-0049,"This dissertation investigates supply chain in the context of UK firms. Using optimisation, the project collects secondary data from published sources and examines whether supply chain is associated with measurable performance outcomes. The contribution lies in linking the supply chain literature to practical decision making.",supply chain,optimisation,Smith (2021); Lee and Wang (2020) on supply chain,SUP074,,
s2300050,Zoe Paterson,How does hrm shape decision making? A simulation approach,BSc Accounting & Finance,UG-0050,"This dissertation investigates hrm in the context of UK firms. Using simulation, the project collects secondary data from published sources and examines whether hrm is associated with measurable performance outcomes. The contribution lies in linking the hrm literature to practical decision making.",hrm,simulation,Smith (2021); Lee and Wang (2020) on hrm,,,
s2300051,Will Watson,banking in the UK context: a network analysis study,BSc Accounting & Finance,UG-0051,"This dissertation investigates banking in the context of UK firms. Using network analysis, the project collects secondary data from published sources and examines whether banking is associated with measurable performance outcomes. The contribution lies in linking the banking literature to practical decision making.",banking,network analysis,Smith (2021); Lee and Wang (2020) on banking,,,
s2300052,Vera Grant,banking in the UK context: a case study study,BSc Business Management,UG-0052,"This dissertation investigates banking in the context of UK firms. Using case study, the project collects secondary data from published sources and examines whether banking is associated with measurable performance outcomes. The contribution lies in linking the banking literature to practical decision making.",banking,case study,Smith (2021); Lee and Wang (2020) on banking,,,
s2300053,Vera Anderson,Exploring sustainability adoption using optimisation,BSc Business Management,UG-0053,"This dissertation investigates sustainability in the context of UK firms. Using optimisation, the project collects secondary data from published sources and examines whether sustainability is associated with measurable performance outcomes. The contribution lies in linking the sustainability literature to practical decision making.",sustainability,optimisation,Smith (2021); Lee and Wang (2020) on sustainability,,,
s2300054,Qi Lewis,Exploring marketing analytics adoption using experiment,BSc International Business,UG-0054,"This dissertation investigates marketing analytics in the context of UK firms. Using experiment, the project collects secondary data from published sources and examines whether marketing analytics is associated with measurable performance outcomes. The contribution lies in linking the marketing analytics literature to practical decision making.",marketing analytics,experiment,Smith (2021); Lee and Wang (2020) on marketing analytics,,,
s2300055,Hamid MacLeod,marketing analytics in the UK context: a case study study,BSc Accounting & Finance,UG-0055,"This dissertation investigates marketing analytics in the context of UK firms. Using case study, the project collects secondary data from published sources and examines whether marketing analytics is associated with measurable performance outcomes. The contribution lies in linking the marketing analytics literature to practical decision making.",marketing analytics,case study,Smith (2021); Lee and Wang (2020) on marketing analytics,,,
s2300056,Hamid Watson,consumer behaviour in the UK context: a machine learning study,BSc Business Management,UG-0056,"This dissertation investigates consumer behaviour in the context of UK firms. Using machine learning, the project collects secondary data from published sources and examines whether consumer behaviour is associated with measurable performance outcomes. The contribution lies in linking the consumer behaviour literature to practical decision making.",consumer behaviour,machine learning,Smith (2021); Lee and Wang (2020) on consumer behaviour,SUP018,,
s2300057,Dara Vance,How does supply chain shape decision making? A simulation approach,BSc Business Management,UG-0057,"This dissertation investigates supply chain in the context of UK firms. Using simulation, the project collects secondary data from published sources and examines whether supply chain is associated with measurable performance outcomes. The contribution lies in linking the supply chain literature to practical decision making.",supply chain,simulation,Smith (2021); Lee and Wang (2020) on supply chain,,,
s2300058,Dara Lewis,Measuring the effect of logistics on customer outcomes through case study,BSc Business Management,UG-0058,"This dissertation investigates logistics in the context of UK firms. Using case study, the project collects secondary data from published sources and examines whether logistics is associated with measurable performance outcomes. The contribution lies in linking the logistics literature to practical decision making.",logistics,case study,Smith (2021); Lee and Wang (2020) on logistics,SUP102,,
s2300059,Kate Watson,Measuring the effect of logistics on customer outcomes through regression,BSc Business Management,UG-0059,"This dissertation investigates logistics in the context of UK firms. Using regression, the project collects secondary data from published sources and examines whether logistics is associated with measurable performance outcomes. The contribution lies in linking the logistics literature to practical decision making.",logistics,regression,Smith (2021); Lee and Wang (2020) on logistics,,,
s2300060,Pavel Urquhart,How does entrepreneurship shape decision making? A regression approach,BSc Business Management,UG-0060,"This dissertation investigates entrepreneurship in the context of UK firms. Using regression, the project collects secondary data from published sources and examines whether entrepreneurship is associated with measurable performance outcomes. The contribution lies in linking the entrepreneurship literature to practical decision making.",entrepreneurship,regression,Smith (2021); Lee and Wang (2020) on entrepreneurship,,,
s2300061,Rhona Stewart,Measuring the effect of consumer behaviour on customer outcomes through machine learning,BSc International Business,UG-0061,"This dissertation investigates consumer behaviour in the context of UK firms. Using machine learning, the project collects secondary data from published sources and examines whether consumer behaviour is associated with measurable performance outcomes. The contribution lies in linking the consumer behaviour literature to practical decision making.",consumer behaviour,machine learning,Smith (2021); Lee and Wang (2020) on consumer behaviour,SUP016,,
s2300062,Olga Hughes,Exploring banking adoption using interview,BSc Accounting & Finance,UG-0062,"This dissertation investigates banking in the context of UK firms. Using interview, the project collects secondary data from published sources and examines whether banking is associated with measurable performance outcomes. The contribution lies in linking the banking literature to practical decision making.",banking,interview,Smith (2021); Lee and Wang (2020) on banking,,,
s2300063,Alice Nolan,The impact of supply chain practices on firm performance: evidence from systematic review,BSc Business Management,UG-0063,"This dissertation investigates supply chain in the context of UK firms. Using systematic review, the project collects secondary data from published sources and examines whether supply chain is associated with measurable performance outcomes. The contribution lies in linking the supply chain literature to practical decision making.",supply chain,systematic review,Smith (2021); Lee and Wang (2020) on supply chain,,,
s2300064,Zoe Hughes,operations in the UK context: a econometrics study,BSc International Business,UG-0064,"This dissertation investigates operations in the context of UK firms. Using econometrics, the project collects secondary data from published sources and examines whether operations is associated with measurable performance outcomes. The contribution lies in linking the operations literature to practical decision making.",operations,econometrics,Smith (2021); Lee and Wang (2020) on operations,,,
s2300065,Tara Jones,How does marketing analytics shape decision making? A regression approach,BSc Business Management,UG-0065,"This dissertation investigates marketing analytics in the context of UK firms. Using regression, the project collects secondary data from published sources and examines whether marketing analytics is associated with measurable performance outcomes. The contribution lies in linking the marketing analytics literature to practical decision making.",marketing analytics,regression,Smith (2021); Lee and Wang (2020) on marketing analytics,,,
s2300066,Vera Kerr,How does digital economy shape decision making? A network analysis approach,BSc Business Management,UG-0066,"This dissertation investigates digital economy in the context of UK firms. Using network analysis, the project collects secondary data from published sources and examines whether digital economy is associated with measurable performance outcomes. The contribution lies in linking the digital economy literature to practical decision making.",digital economy,network analysis,Smith (2021); Lee and Wang (2020) on digital economy,,,
s2300067,Fraser Xu,How does strategy shape decision making? A experiment approach,BSc Accounting & Finance,UG-0067,"This dissertation investigates strategy in the context of UK firms. Using experiment, the project collects secondary data from published sources and examines whether strategy is associated with measurable performance outcomes. The contribution lies in linking the strategy literature to practical decision making.",strategy,experiment,Smith (2021); Lee and Wang (2020) on strategy,,,
s2300068,Chen Irvine,logistics in the UK context: a network analysis study,BSc International Business,UG-0068,"This dissertation investigates logistics in the context of UK firms. Using network analysis, the project collects secondary data from published sources and examines whether logistics is associated with measurable performance outcomes. The contribution lies in linking the logistics literature to practical decision making.",logistics,network analysis,Smith (2021); Lee and Wang (2020) on logistics,SUP055,,
s2300069,Alice Watson,Exploring supply chain adoption using machine learning,BSc Business Management,UG-0069,"This dissertation investigates supply chain in the context of UK firms. Using machine learning, the project collects secondary data from published sources and examines whether supply chain is associated with measurable performance outcomes. The contribution lies in linking the supply chain literature to practical decision making.",supply chain,machine learning,Smith (2021); Lee and Wang (2020) on supply chain,SUP036,,
s2300070,Vera Anderson,The impact of entrepreneurship practices on firm performance: evidence from text mining,BSc International Business,UG-0070,"This dissertation investigates entrepreneurship in the context of UK firms. Using text mining, the project collects secondary data from published sources and examines whether entrepreneurship is associated with measurable performance outcomes. The contribution lies in linking the entrepreneurship literature to practical decision making.",entrepreneurship,text mining,Smith (2021); Lee and Wang (2020) on entrepreneurship,,,
s2300071,Liam Vance,The impact of consumer behaviour practices on firm performance: evidence from experiment,BSc Business Management,UG-0071,"This dissertation investigates consumer behaviour in the context of UK firms. Using experiment, the project collects secondary data from published sources and examines whether consumer behaviour is associated with measurable performance outcomes. The contribution lies in linking the consumer behaviour literature to practical decision making.",consumer behaviour,experiment,Smith (2021); Lee and Wang (2020) on consumer behaviour,,,
s2300072,Tara Irvine,Exploring operations adoption using interview,BSc Business Management,UG-0072,"This dissertation investigates operations in the context of UK firms. Using interview, the project collects secondary data from published sources and examines whether operations is associated with measurable performance outcomes. The contribution lies in linking the operations literature to practical decision making.",operations,interview,Smith (2021); Lee and Wang (2020) on operations,,,
s2300073,Isla Jones,hrm in the UK context: a experiment study,BSc Business Management,UG-0073,"This dissertation investigates hrm in the context of UK firms. Using experiment, the project collects secondary data from published sources and examines whether hrm is associated with measurable performance outcomes. The contribution lies in linking the hrm literature to practical decision making.",hrm,experiment,Smith (2021); Lee and Wang (2020) on hrm,SUP023,,
s2300074,Tara Campbell,How does entrepreneurship shape decision making? A experiment approach,BSc Business Management,UG-0074,"This dissertation investigates entrepreneurship in the context of UK firms. Using experiment, the project collects secondary data from published sources and examines whether entrepreneurship is associated with measurable performance outcomes. The contribution lies in linking the entrepreneurship literature to practical decision making.",entrepreneurship,experiment,Smith (2021); Lee and Wang (2020) on entrepreneurship,SUP019,,
s2300075,Sam Zhang,Measuring the effect of supply chain on customer outcomes through experiment,BSc International Business,UG-0075,"This dissertation investigates supply chain in the context of UK firms. Using experiment, the project collects secondary data from published sources and examines whether supply chain is associated with measurable performance outcomes. The contribution lies in linking the supply chain literature to practical decision making.",supply chain,experiment,Smith (2021); Lee and Wang (2020) on supply chain,,,
s2300076,Liam Evans,Measuring the effect of logistics on customer outcomes through machine learning,BSc Accounting & Finance,UG-0076,"This dissertation investigates logistics in the context of UK firms. Using machine learning, the project collects secondary data from published sources and examines whether logistics is associated with measurable performance outcomes. The contribution lies in linking the logistics literature to practical decision making.",logistics,machine learning,Smith (2021); Lee and Wang (2020) on logistics,,,
s2300077,Qi Fraser,retail in the UK context: a network analysis study,BSc International Business,UG-0077,"This dissertation investigates retail in the context of UK firms. Using network analysis, the project collects secondary data from published sources and examines whether retail is associated with measurable performance outcomes. The contribution lies in linking the retail literature to practical decision making.",retail,network analysis,Smith (2021); Lee and Wang (2020) on retail,,,
s2300078,Tara Taylor,entrepreneurship in the UK context: a optimisation study,BSc Business Management,UG-0078,"This dissertation investigates entrepreneurship in the context of UK firms. Using optimisation, the project collects secondary data from published sources and examines whether entrepreneurship is associated with measurable performance outcomes. The contribution lies in linking the entrepreneurship literature to practical decision making.",entrepreneurship,optimisation,Smith (2021); Lee and Wang (2020) on entrepreneurship,,,
s2300079,Niall Brown,Business topic to be confirmed,BSc Business Management,UG-0079,I am still deciding on my topic but I am interested in business.,,,,,,
s2300080,Hamid Kerr,How does finance shape decision making? A survey approach,BSc Business Management,UG-0080,"This dissertation investigates finance in the context of UK firms. Using survey, the project collects secondary data from published sources and examines whether finance is associated with measurable performance outcomes. The contribution lies in linking the finance literature to practical decision making.",finance,survey,Smith (2021); Lee and Wang (2020) on finance,,,
s2300081,Olga Taylor,How does digital economy shape decision making? A simulation approach,MA Economics & Business,UG-0081,"This dissertation investigates digital economy in the context of UK firms. Using simulation, the project collects secondary data from published sources and examines whether digital economy is associated with measurable performance outcomes. The contribution lies in linking the digital economy literature to practical decision making.",digital economy,simulation,Smith (2021); Lee and Wang (2020) on digital economy,,,
s2300082,Qi Ross,Measuring the effect of logistics on customer outcomes through optimisation,MA Economics & Business,UG-0082,"This dissertation investigates logistics in the context of UK firms. Using optimisation, the project collects secondary data from published sources and examines whether logistics is associated with measurable performance outcomes. The contribution lies in linking the logistics literature to practical decision making.",logistics,optimisation,Smith (2021); Lee and Wang (2020) on logistics,SUP007,,
s2300083,Umar Quinn,Exploring supply chain adoption using machine learning,BSc Business Management,UG-0083,"This dissertation investigates supply chain in the context of UK firms. Using machine learning, the project collects secondary data from published sources and examines whether supply chain is associated with measurable performance outcomes. The contribution lies in linking the supply chain literature to practical decision making.",supply chain,machine learning,Smith (2021); Lee and Wang (2020) on supply chain,,,
s2300084,Maya Vance,Measuring the effect of logistics on customer outcomes through econometrics,BSc Business Management,UG-0084,"This dissertation investigates logistics in the context of UK firms. Using econometrics, the project collects secondary data from published sources and examines whether logistics is associated with measurable performance outcomes. The contribution lies in linking the logistics literature to practical decision making.",logistics,econometrics,Smith (2021); Lee and Wang (2020) on logistics,SUP036,,
s2300085,Pavel Hughes,Exploring marketing analytics adoption using survey,BSc Business Management,UG-0085,"This dissertation investigates marketing analytics in the context of UK firms. Using survey, the project collects secondary data from published sources and examines whether marketing analytics is associated with measurable performance outcomes. The contribution lies in linking the marketing analytics literature to practical decision making.",marketing analytics,survey,Smith (2021); Lee and Wang (2020) on marketing analytics,SUP096,,
s2300086,Fraser Nolan,The impact of operations practices on firm performance: evidence from simulation,BSc International Business,UG-0086,"This dissertation investigates operations in the context of UK firms. Using simulation, the project collects secondary data from published sources and examines whether operations is associated with measurable performance outcomes. The contribution lies in linking the operations literature to practical decision making.",operations,simulation,Smith (2021); Lee and Wang (2020) on operations,SUP070,,
s2300087,Isla Grant,The impact of healthcare management practices on firm performance: evidence from machine learning,BSc Business Management,UG-0087,"This dissertation investigates healthcare management in the context of UK firms. Using machine learning, the project collects secondary data from published sources and examines whether healthcare management is associated with measurable performance outcomes. The contribution lies in linking the healthcare management literature to practical decision making.",healthcare management,machine learning,Smith (2021); Lee and Wang (2020) on healthcare management,,,
s2300088,Kate Fraser,Measuring the effect of finance on customer outcomes through optimisation,BSc Business Management,UG-0088,"This dissertation investigates finance in the context of UK firms. Using optimisation, the project collects secondary data from published sources and examines whether finance is associated with measurable performance outcomes. The contribution lies in linking the finance literature to practical decision making.",finance,optimisation,Smith (2021); Lee and Wang (2020) on finance,,,
s2300089,Chen Brown,The impact of sustainability practices on firm performance: evidence from text mining,BSc Business Management,UG-0089,"This dissertation investigates sustainability in the context of UK firms. Using text mining, the project collects secondary data from published sources and examines whether sustainability is associated with measurable performance outcomes. The contribution lies in linking the sustainability literature to practical decision making.",sustainability,text mining,Smith (2021); Lee and Wang (2020) on sustainability,,,
s2300090,Zoe Taylor,The impact of banking practices on firm performance: evidence from econometrics,BSc Business Management,UG-0090,"This dissertation investigates banking in the context of UK firms. Using econometrics, the project collects secondary data from published sources and examines whether banking is associated with measurable performance outcomes. The contribution lies in linking the banking literature to practical decision making.",banking,econometrics,Smith (2021); Lee and Wang (2020) on banking,,,
s2300091,Zoe Fraser,Business topic to be confirmed,BSc International Business,UG-0091,I am still deciding on my topic but I am interested in business.,,,,,,
s2300092,Yara Xu,Measuring the effect of banking on customer outcomes through survey,BSc International Business,UG-0092,"This dissertation investigates banking in the context of UK firms. Using survey, the project collects secondary data from published sources and examines whether banking is associated with measurable performance outcomes. The contribution lies in linking the banking literature to practical decision making.",banking,survey,Smith (2021); Lee and Wang (2020) on banking,SUP086,,
s2300093,Maya Hughes,Measuring the effect of retail on customer outcomes through optimisation,BSc Accounting & Finance,UG-0093,"This dissertation investigates retail in the context of UK firms. Using optimisation, the project collects secondary data from published sources and examines whether retail is associated with measurable performance outcomes. The contribution lies in linking the retail literature to practical decision making.",retail,optimisation,Smith (2021); Lee and Wang (2020) on retail,,,
s2300094,Maya Douglas,Exploring healthcare management adoption using simulation,BSc Accounting & Finance,UG-0094,"This dissertation investigates healthcare management in the context of UK firms. Using simulation, the project collects secondary data from published sources and examines whether healthcare management is associated with measurable performance outcomes. The contribution lies in linking the healthcare management literature to practical decision making.",healthcare management,simulation,Smith (2021); Lee and Wang (2020) on healthcare management,SUP034,,
s2300095,Alice Paterson,retail in the UK context: a econometrics study,BSc Accounting & Finance,UG-0095,"This dissertation investigates retail in the context of UK firms. Using econometrics, the project collects secondary data from published sources and examines whether retail is associated with measurable performance outcomes. The contribution lies in linking the retail literature to practical decision making.",retail,econometrics,Smith (2021); Lee and Wang (2020) on retail,,,
s2300096,Liam Jones,Measuring the effect of finance on customer outcomes through survey,BSc International Business,UG-0096,"This dissertation investigates finance in the context of UK firms. Using survey, the project collects secondary data from published sources and examines whether finance is associated with measurable performance outcomes. The contribution lies in linking the finance literature to practical decision making.",finance,survey,Smith (2021); Lee and Wang (2020) on finance,,,
s2300097,Hamid Lewis,Measuring the effect of strategy on customer outcomes through simulation,MA Economics & Business,UG-0097,"This dissertation investigates strategy in the context of UK firms. Using simulation, the project collects secondary data from published sources and examines whether strategy is associated with measurable performance outcomes. The contribution lies in linking the strategy literature to practical decision making.",strategy,simulation,Smith (2021); Lee and Wang (2020) on strategy,,,
s2300098,Rhona Jones,How does hrm shape decision making? A optimisation approach,BSc Business Management,UG-0098,"This dissertation investigates hrm in the context of UK firms. Using optimisation, the project collects secondary data from published sources and examines whether hrm is associated with measurable performance outcomes. The contribution lies in linking the hrm literature to practical decision making.",hrm,optimisation,Smith (2021); Lee and Wang (2020) on hrm,,,
s2300099,Hamid Evans,operations in the UK context: a simulation study,BSc Accounting & Finance,UG-0099,"This dissertation investigates operations in the context of UK firms. Using simulation, the project collects secondary data from published sources and examines whether operations is associated with measurable performance outcomes. The contribution lies in linking the operations literature to practical decision making.",operations,simulation,Smith (2021); Lee and Wang (2020) on operations,,,
s2300100,Fraser Taylor,Exploring strategy adoption using network analysis,BSc Business Management,UG-0100,"This dissertation investigates strategy in the context of UK firms. Using network analysis, the project collects secondary data from published sources and examines whether strategy is associated with measurable performance outcomes. The contribution lies in linking the strategy literature to practical decision making.",strategy,network analysis,Smith (2021); Lee and Wang (2020) on strategy,,,
s2300101,Eve Paterson,The impact of accounting practices on firm performance: evidence from experiment,BSc Business Management,UG-0101,"This dissertation investigates accounting in the context of UK firms. Using experiment, the project collects secondary data from published sources and examines whether accounting is associated with measurable performance outcomes. The contribution lies in linking the accounting literature to practical decision making.",accounting,experiment,Smith (2021); Lee and Wang (2020) on accounting,SUP072,,
s2300102,Chen Young,Measuring the effect of entrepreneurship on customer outcomes through systematic review,BSc International Business,UG-0102,"This dissertation investigates entrepreneurship in the context of UK firms. Using systematic review, the project collects secondary data from published sources and examines whether entrepreneurship is associated with measurable performance outcomes. The contribution lies in linking the entrepreneurship literature to practical decision making.",entrepreneurship,systematic review,Smith (2021); Lee and Wang (2020) on entrepreneurship,SUP062,,
s2300103,Xiu Ogilvie,The impact of entrepreneurship practices on firm performance: evidence from regression,BSc International Business,UG-0103,"This dissertation investigates entrepreneurship in the context of UK firms. Using regression, the project collects secondary data from published sources and examines whether entrepreneurship is associated with measurable performance outcomes. The contribution lies in linking the entrepreneurship literature to practical decision making.",entrepreneurship,regression,Smith (2021); Lee and Wang (2020) on entrepreneurship,,,
s2300104,Will Fraser,supply chain in the UK context: a econometrics study,BSc International Business,UG-0104,"This dissertation investigates supply chain in the context of UK firms. Using econometrics, the project collects secondary data from published sources and examines whether supply chain is associated with measurable performance outcomes. The contribution lies in linking the supply chain literature to practical decision making.",supply chain,econometrics,Smith (2021); Lee and Wang (2020) on supply chain,SUP061,,
s2300105,Isla Zhang,How does digital economy shape decision making? A systematic review approach,BSc Business Management,UG-0105,"This dissertation investigates digital economy in the context of UK firms. Using systematic review, the project collects secondary data from published sources and examines whether digital economy is associated with measurable performance outcomes. The contribution lies in linking the digital economy literature to practical decision making.",digital economy,systematic review,Smith (2021); Lee and Wang (2020) on digital economy,,,
s2300106,Liam Urquhart,The impact of supply chain practices on firm performance: evidence from optimisation,BSc Business Management,UG-0106,"This dissertation investigates supply chain in the context of UK firms. Using optimisation, the project collects secondary data from published sources and examines whether supply chain is associated with measurable performance outcomes. The contribution lies in linking the supply chain literature to practical decision making.",supply chain,optimisation,Smith (2021); Lee and Wang (2020) on supply chain,,,
s2300107,Zoe Urquhart,Measuring the effect of accounting on customer outcomes through machine learning,BSc Business Management,UG-0107,"This dissertation investigates accounting in the context of UK firms. Using machine learning, the project collects secondary data from published sources and examines whether accounting is associated with measurable performance outcomes. The contribution lies in linking the accounting literature to practical decision making.",accounting,machine learning,Smith (2021); Lee and Wang (2020) on accounting,SUP100,,
s2300108,Will Douglas,The impact of hrm practices on firm performance: evidence from systematic review,MA Economics & Business,UG-0108,"This dissertation investigates hrm in the context of UK firms. Using systematic review, the project collects secondary data from published sources and examines whether hrm is associated with measurable performance outcomes. The contribution lies in linking the hrm literature to practical decision making.",hrm,systematic review,Smith (2021); Lee and Wang (2020) on hrm,,,
s2300109,Qi Zhang,Exploring accounting adoption using survey,BSc Business Management,UG-0109,"This dissertation investigates accounting in the context of UK firms. Using survey, the project collects secondary data from published sources and examines whether accounting is associated with measurable performance outcomes. The contribution lies in linking the accounting literature to practical decision making.",accounting,survey,Smith (2021); Lee and Wang (2020) on accounting,,,
s2300110,Jian Douglas,The impact of entrepreneurship practices on firm performance: evidence from systematic review,BSc Business Management,UG-0110,"This dissertation investigates entrepreneurship in the context of UK firms. Using systematic review, the project collects secondary data from published sources and examines whether entrepreneurship is associated with measurable performance outcomes. The contribution lies in linking the entrepreneurship literature to practical decision making.",entrepreneurship,systematic review,Smith (2021); Lee and Wang (2020) on entrepreneurship,,,
s2300111,Sam Hughes,Exploring marketing analytics adoption using network analysis,BSc Business Management,UG-0111,"This dissertation investigates marketing analytics in the context of UK firms. Using network analysis, the project collects secondary data from published sources and examines whether marketing analytics is associated with measurable performance outcomes. The contribution lies in linking the marketing analytics literature to practical decision making.",marketing analytics,network analysis,Smith (2021); Lee and Wang (2020) on marketing analytics,SUP094,,
s2300112,Liam Ross,retail in the UK context: a interview study,BSc Business Management,UG-0112,"This dissertation investigates retail in the context of UK firms. Using interview, the project collects secondary data from published sources and examines whether retail is associated with measurable performance outcomes. The contribution lies in linking the retail literature to practical decision making.",retail,interview,Smith (2021); Lee and Wang (2020) on retail,,,
s2300113,Jian Douglas,The impact of logistics practices on firm performance: evidence from econometrics,BSc International Business,UG-0113,"This dissertation investigates logistics in the context of UK firms. Using econometrics, the project collects secondary data from published sources and examines whether logistics is associated with measurable performance outcomes. The contribution lies in linking the logistics literature to practical decision making.",logistics,econometrics,Smith (2021); Lee and Wang (2020) on logistics,,,
s2300114,Liam Douglas,retail in the UK context: a interview study,BSc Accounting & Finance,UG-0114,"This dissertation investigates retail in the context of UK firms. Using interview, the project collects secondary data from published sources and examines whether retail is associated with measurable performance outcomes. The contribution lies in linking the retail literature to practical decision making.",retail,interview,Smith (2021); Lee and Wang (2020) on retail,,,
s2300115,Chen Fraser,logistics in the UK context: a machine learning study,BSc Business Management,UG-0115,"This dissertation investigates logistics in the context of UK firms. Using machine learning, the project collects secondary data from published sources and examines whether logistics is associated with measurable performance outcomes. The contribution lies in linking the logistics literature to practical decision making.",logistics,machine learning,Smith (2021); Lee and Wang (2020) on logistics,,,
s2300116,Pavel Quinn,Measuring the effect of banking on customer outcomes through systematic review,BSc Accounting & Finance,UG-0116,"This dissertation investigates banking in the context of UK firms. Using systematic review, the project collects secondary data from published sources and examines whether banking is associated with measurable performance outcomes. The contribution lies in linking the banking literature to practical decision making.",banking,systematic review,Smith (2021); Lee and Wang (2020) on banking,,,
s2300117,Liam Jones,The impact of sustainability practices on firm performance: evidence from simulation,BSc Business Management,UG-0117,"This dissertation investigates sustainability in the context of UK firms. Using simulation, the project collects secondary data from published sources and examines whether sustainability is associated with measurable performance outcomes. The contribution lies in linking the sustainability literature to practical decision making.",sustainability,simulation,Smith (2021); Lee and Wang (2020) on sustainability,,,
s2300118,Rhona Brown,How does finance shape decision making? A systematic review approach,BSc Accounting & Finance,UG-0118,"This dissertation investigates finance in the context of UK firms. Using systematic review, the project collects secondary data from published sources and examines whether finance is associated with measurable performance outcomes. The contribution lies in linking the finance literature to practical decision making.",finance,systematic review,Smith (2021); Lee and Wang (2020) on finance,,,
s2300119,Xiu Irvine,Business topic to be confirmed,BSc Business Management,UG-0119,I am still deciding on my topic but I am interested in business.,,,,,,
s2300120,Dara Anderson,Business topic to be confirmed,BSc Business Management,UG-0120,I am still deciding on my topic but I am interested in business.,,,,SUP090,,
s2300121,Will Ogilvie,Exploring strategy adoption using interview,BSc Business Management,UG-0121,"This dissertation investigates strategy in the context of UK firms. Using interview, the project collects secondary data from published sources and examines whether strategy is associated with measurable performance outcomes. The contribution lies in linking the strategy literature to practical decision making.",strategy,interview,Smith (2021); Lee and Wang (2020) on strategy,,,
s2300122,Ben Hughes,How does finance shape decision making? A systematic review approach,BSc Accounting & Finance,UG-0122,"This dissertation investigates finance in the context of UK firms. Using systematic review, the project collects secondary data from published sources and examines whether finance is associated with measurable performance outcomes. The contribution lies in linking the finance literature to practical decision making.",finance,systematic review,Smith (2021); Lee and Wang (2020) on finance,SUP055,,
s2300123,Zoe Ross,Measuring the effect of consumer behaviour on customer outcomes through machine learning,BSc Accounting & Finance,UG-0123,"This dissertation investigates consumer behaviour in the context of UK firms. Using machine learning, the project collects secondary data from published sources and examines whether consumer behaviour is associated with measurable performance outcomes. The contribution lies in linking the consumer behaviour literature to practical decision making.",consumer behaviour,machine learning,Smith (2021); Lee and Wang (2020) on consumer behaviour,,,
s2300124,Qi Vance,How does hrm shape decision making? A experiment approach,BSc Business Management,UG-0124,"This dissertation investigates hrm in the context of UK firms. Using experiment, the project collects secondary data from published sources and examines whether hrm is associated with measurable performance outcomes. The contribution lies in linking the hrm literature to practical decision making.",hrm,experiment,Smith (2021); Lee and Wang (2020) on hrm,SUP101,,
s2300125,Kate Ogilvie,Measuring the effect of sustainability on customer outcomes through experiment,BSc Accounting & Finance,UG-0125,"This dissertation investigates sustainability in the context of UK firms. Using experiment, the project collects secondary data from published sources and examines whether sustainability is associated with measurable performance outcomes. The contribution lies in linking the sustainability literature to practical decision making.",sustainability,experiment,Smith (2021); Lee and Wang (2020) on sustainability,,,
s2300126,Sam Lewis,sustainability in the UK context: a survey study,BSc Business Management,UG-0126,"This dissertation investigates sustainability in the context of UK firms. Using survey, the project collects secondary data from published sources and examines whether sustainability is associated with measurable performance outcomes. The contribution lies in linking the sustainability literature to practical decision making.",sustainability,survey,Smith (2021); Lee and Wang (2020) on sustainability,,,
s2300127,Chen Campbell,Exploring consumer behaviour adoption using simulation,BSc Business Management,UG-0127,"This dissertation investigates consumer behaviour in the context of UK firms. Using simulation, the project collects secondary data from published sources and examines whether consumer behaviour is associated with measurable performance outcomes. The contribution lies in linking the consumer behaviour literature to practical decision making.",consumer behaviour,simulation,Smith (2021); Lee and Wang (2020) on consumer behaviour,,,
s2300128,Liam Vance,Exploring operations adoption using text mining,BSc Business Management,UG-0128,"This dissertation investigates operations in the context of UK firms. Using text mining, the project collects secondary data from published sources and examines whether operations is associated with measurable performance outcomes. The contribution lies in linking the operations literature to practical decision making.",operations,text mining,Smith (2021); Lee and Wang (2020) on operations,SUP034,,
s2300129,Fraser Vance,How does logistics shape decision making? A network analysis approach,BSc Business Management,UG-0129,"This dissertation investigates logistics in the context of UK firms. Using network analysis, the project collects secondary data from published sources and examines whether logistics is associated with measurable performance outcomes. The contribution lies in linking the logistics literature to practical decision making.",logistics,network analysis,Smith (2021); Lee and Wang (2020) on logistics,,,
s2300130,Ben Grant,entrepreneurship in the UK context: a systematic review study,MA Economics & Business,UG-0130,"This dissertation investigates entrepreneurship in the context of UK firms. Using systematic review, the project collects secondary data from published sources and examines whether entrepreneurship is associated with measurable performance outcomes. The contribution lies in linking the entrepreneurship literature to practical decision making.",entrepreneurship,systematic review,Smith (2021); Lee and Wang (2020) on entrepreneurship,SUP005,,
s2300131,Dara Ogilvie,How does sustainability shape decision making? A regression approach,BSc Business Management,UG-0131,"This dissertation investigates sustainability in the context of UK firms. Using regression, the project collects secondary data from published sources and examines whether sustainability is associated with measurable performance outcomes. The contribution lies in linking the sustainability literature to practical decision making.",sustainability,regression,Smith (2021); Lee and Wang (2020) on sustainability,,,
s2300132,Qi Nolan,Measuring the effect of sustainability on customer outcomes through case study,BSc Business Management,UG-0132,"This dissertation investigates sustainability in the context of UK firms. Using case study, the project collects secondary data from published sources and examines whether sustainability is associated with measurable performance outcomes. The contribution lies in linking the sustainability literature to practical decision making.",sustainability,case study,Smith (2021); Lee and Wang (2020) on sustainability,,,
s2300133,Dara Jones,The impact of entrepreneurship practices on firm performance: evidence from network analysis,BSc Accounting & Finance,UG-0133,"This dissertation investigates entrepreneurship in the context of UK firms. Using network analysis, the project collects secondary data from published sources and examines whether entrepreneurship is associated with measurable performance outcomes. The contribution lies in linking the entrepreneurship literature to practical decision making.",entrepreneurship,network analysis,Smith (2021); Lee and Wang (2020) on entrepreneurship,SUP009,,
s2300134,Will Jones,How does banking shape decision making? A survey approach,MA Economics & Business,UG-0134,"This dissertation investigates banking in the context of UK firms. Using survey, the project collects secondary data from published sources and examines whether banking is associated with measurable performance outcomes. The contribution lies in linking the banking literature to practical decision making.",banking,survey,Smith (2021); Lee and Wang (2020) on banking,,,
s2300135,Eve Evans,Exploring digital economy adoption using survey,MA Economics & Business,UG-0135,"This dissertation investigates digital economy in the context of UK firms. Using survey, the project collects secondary data from published sources and examines whether digital economy is associated with measurable performance outcomes. The contribution lies in linking the digital economy literature to practical decision making.",digital economy,survey,Smith (2021); Lee and Wang (2020) on digital economy,,,
s2300136,Tara Stewart,Measuring the effect of logistics on customer outcomes through survey,BSc International Business,UG-0136,"This dissertation investigates logistics in the context of UK firms. Using survey, the project collects secondary data from published sources and examines whether logistics is associated with measurable performance outcomes. The contribution lies in linking the logistics literature to practical decision making.",logistics,survey,Smith (2021); Lee and Wang (2020) on logistics,,,
s2300137,Eve Paterson,logistics in the UK context: a experiment study,BSc Business Management,UG-0137,"This dissertation investigates logistics in the context of UK firms. Using experiment, the project collects secondary data from published sources and examines whether logistics is associated with measurable performance outcomes. The contribution lies in linking the logistics literature to practical decision making.",logistics,experiment,Smith (2021); Lee and Wang (2020) on logistics,,,
s2300138,Hamid Zhang,The impact of supply chain practices on firm performance: evidence from interview,BSc International Business,UG-0138,"This dissertation investigates supply chain in the context of UK firms. Using interview, the project collects secondary data from published sources and examines whether supply chain is associated with measurable performance outcomes. The contribution lies in linking the supply chain literature to practical decision making.",supply chain,interview,Smith (2021); Lee and Wang (2020) on supply chain,,,
s2300139,Kate Taylor,Business topic to be confirmed,BSc Accounting & Finance,UG-0139,I am still deciding on my topic but I am interested in business.,,,,SUP064,,
s2300140,Pavel Zhang,Business topic to be confirmed,BSc Business Management,UG-0140,I am still deciding on my topic but I am interested in business.,,,,,,
s2300141,Sam Brown,Measuring the effect of accounting on customer outcomes through network analysis,BSc Accounting & Finance,UG-0141,"This dissertation investigates accounting in the context of UK firms. Using network analysis, the project collects secondary data from published sources and examines whether accounting is associated with measurable performance outcomes. The contribution lies in linking the accounting literature to practical decision making.",accounting,network analysis,Smith (2021); Lee and Wang (2020) on accounting,,,
s2300142,Umar Lewis,Exploring healthcare management adoption using text mining,BSc Business Management,UG-0142,"This dissertation investigates healthcare management in the context of UK firms. Using text mining, the project collects secondary data from published sources and examines whether healthcare management is associated with measurable performance outcomes. The contribution lies in linking the healthcare management literature to practical decision making.",healthcare management,text mining,Smith (2021); Lee and Wang (2020) on healthcare management,,,
s2300143,Liam Ross,Exploring digital economy adoption using case study,BSc International Business,UG-0143,"This dissertation investigates digital economy in the context of UK firms. Using case study, the project collects secondary data from published sources and examines whether digital economy is associated with measurable performance outcomes. The contribution lies in linking the digital economy literature to practical decision making.",digital economy,case study,Smith (2021); Lee and Wang (2020) on digital economy,,,
s2300144,Jian Quinn,Measuring the effect of strategy on customer outcomes through text mining,BSc International Business,UG-0144,"This dissertation investigates strategy in the context of UK firms. Using text mining, the project collects secondary data from published sources and examines whether strategy is associated with measurable performance outcomes. The contribution lies in linking the strategy literature to practical decision making.",strategy,text mining,Smith (2021); Lee and Wang (2020) on strategy,,,
s2300145,Niall Fraser,supply chain in the UK context: a text mining study,BSc International Business,UG-0145,"This dissertation investigates supply chain in the context of UK firms. Using text mining, the project collects secondary data from published sources and examines whether supply chain is associated with measurable performance outcomes. The contribution lies in linking the supply chain literature to practical decision making.",supply chain,text mining,Smith (2021); Lee and Wang (2020) on supply chain,SUP080,,
s2300146,Chen Taylor,How does finance shape decision making? A machine learning approach,BSc International Business,UG-0146,"This dissertation investigates finance in the context of UK firms. Using machine learning, the project collects secondary data from published sources and examines whether finance is associated with measurable performance outcomes. The contribution lies in linking the finance literature to practical decision making.",finance,machine learning,Smith (2021); Lee and Wang (2020) on finance,,,
s2300147,Chen Urquhart,The impact of sustainability practices on firm performance: evidence from interview,BSc Business Management,UG-0147,"This dissertation investigates sustainability in the context of UK firms. Using interview, the project collects secondary data from published sources and examines whether sustainability is associated with measurable performance outcomes. The contribution lies in linking the sustainability literature to practical decision making.",sustainability,interview,Smith (2021); Lee and Wang (2020) on sustainability,SUP042,,
s2300148,Niall Stewart,Exploring consumer behaviour adoption using optimisation,BSc International Business,UG-0148,"This dissertation investigates consumer behaviour in the context of UK firms. Using optimisation, the project collects secondary data from published sources and examines whether consumer behaviour is associated with measurable performance outcomes. The contribution lies in linking the consumer behaviour literature to practical decision making.",consumer behaviour,optimisation,Smith (2021); Lee and Wang (2020) on consumer behaviour,,,
s2300149,Umar MacLeod,Measuring the effect of healthcare management on customer outcomes through machine learning,BSc Business Management,UG-0149,"This dissertation investigates healthcare management in the context of UK firms. Using machine learning, the project collects secondary data from published sources and examines whether healthcare management is associated with measurable performance outcomes. The contribution lies in linking the healthcare management literature to practical decision making.",healthcare management,machine learning,Smith (2021); Lee and Wang (2020) on healthcare management,,,
s2300150,Isla Stewart,logistics in the UK context: a machine learning study,BSc Business Management,UG-0150,"This dissertation investigates logistics in the context of UK firms. Using machine learning, the project collects secondary data from published sources and examines whether logistics is associated with measurable performance outcomes. The contribution lies in linking the logistics literature to practical decision making.",logistics,machine learning,Smith (2021); Lee and Wang (2020) on logistics,,,
s2300151,Grace Urquhart,logistics in the UK context: a regression study,BSc Business Management,UG-0151,"This dissertation investigates logistics in the context of UK firms. Using regression, the project collects secondary data from published sources and examines whether logistics is associated with measurable performance outcomes. The contribution lies in linking the logistics literature to practical decision making.",logistics,regression,Smith (2021); Lee and Wang (2020) on logistics,,,
s2300152,Liam Hughes,How does digital economy shape decision making? A machine learning approach,BSc Accounting & Finance,UG-0152,"This dissertation investigates digital economy in the context of UK firms. Using machine learning, the project collects secondary data from published sources and examines whether digital economy is associated with measurable performance outcomes. The contribution lies in linking the digital economy literature to practical decision making.",digital economy,machine learning,Smith (2021); Lee and Wang (2020) on digital economy,,,
s2300153,Isla Kerr,Exploring logistics adoption using machine learning,BSc Business Management,UG-0153,"This dissertation investigates logistics in the context of UK firms. Using machine learning, the project collects secondary data from published sources and examines whether logistics is associated with measurable performance outcomes. The contribution lies in linking the logistics literature to practical decision making.",logistics,machine learning,Smith (2021); Lee and Wang (2020) on logistics,,,
s2300154,Isla Jones,The impact of marketing analytics practices on firm performance: evidence from machine learning,BSc Accounting & Finance,UG-0154,"This dissertation investigates marketing analytics in the context of UK firms. Using machine learning, the project collects secondary data from published sources and examines whether marketing analytics is associated with measurable performance outcomes. The contribution lies in linking the marketing analytics literature to practical decision making.",marketing analytics,machine learning,Smith (2021); Lee and Wang (2020) on marketing analytics,,,
s2300155,Xiu Grant,strategy in the UK context: a optimisation study,BSc Accounting & Finance,UG-0155,"This dissertation investigates strategy in the context of UK firms. Using optimisation, the project collects secondary data from published sources and examines whether strategy is associated with measurable performance outcomes. The contribution lies in linking the strategy literature to practical decision making.",strategy,optimisation,Smith (2021); Lee and Wang (2020) on strategy,,,
s2300156,Maya Anderson,Measuring the effect of digital economy on customer outcomes through simulation,BSc Business Management,UG-0156,"This dissertation investigates digital economy in the context of UK firms. Using simulation, the project collects secondary data from published sources and examines whether digital economy is associated with measurable performance outcomes. The contribution lies in linking the digital economy literature to practical decision making.",digital economy,simulation,Smith (2021); Lee and Wang (2020) on digital economy,,,
s2300157,Vera Xu,accounting in the UK context: a case study study,BSc Accounting & Finance,UG-0157,"This dissertation investigates accounting in the context of UK firms. Using case study, the project collects secondary data from published sources and examines whether accounting is associated with measurable performance outcomes. The contribution lies in linking the accounting literature to practical decision making.",accounting,case study,Smith (2021); Lee and Wang (2020) on accounting,,,
s2300158,Chen Paterson,Business topic to be confirmed,BSc Business Management,UG-0158,I am still deciding on my topic but I am interested in business.,,,,,,
s2300159,Kate Taylor,accounting in the UK context: a survey study,BSc International Business,UG-0159,"This dissertation investigates accounting in the context of UK firms. Using survey, the project collects secondary data from published sources and examines whether accounting is associated with measurable performance outcomes. The contribution lies in linking the accounting literature to practical decision making.",accounting,survey,Smith (2021); Lee and Wang (2020) on accounting,,,
s2300160,Fraser Urquhart,The impact of retail practices on firm performance: evidence from econometrics,BSc Business Management,UG-0160,"This dissertation investigates retail in the context of UK firms. Using econometrics, the project collects secondary data from published sources and examines whether retail is associated with measurable performance outcomes. The contribution lies in linking the retail literature to practical decision making.",retail,econometrics,Smith (2021); Lee and Wang (2020) on retail,,,
s2300161,Will Evans,How does healthcare management shape decision making? A text mining approach,BSc International Business,UG-0161,"This dissertation investigates healthcare management in the context of UK firms. Using text mining, the project collects secondary data from published sources and examines whether healthcare management is associated with measurable performance outcomes. The contribution lies in linking the healthcare management literature to practical decision making.",healthcare management,text mining,Smith (2021); Lee and Wang (2020) on healthcare management,,,
s2300162,Qi Young,digital economy in the UK context: a optimisation study,BSc Business Management,UG-0162,"This dissertation investigates digital economy in the context of UK firms. Using optimisation, the project collects secondary data from published sources and examines whether digital economy is associated with measurable performance outcomes. The contribution lies in linking the digital economy literature to practical decision making.",digital economy,optimisation,Smith (2021); Lee and Wang (2020) on digital economy,,,
s2300163,Hamid Fraser,The impact of finance practices on firm performance: evidence from case study,BSc Accounting & Finance,UG-0163,"This dissertation investigates finance in the context of UK firms. Using case study, the project collects secondary data from published sources and examines whether finance is associated with measurable performance outcomes. The contribution lies in linking the finance literature to practical decision making.",finance,case study,Smith (2021); Lee and Wang (2020) on finance,SUP067,,
s2300164,Kate Anderson,Exploring retail adoption using experiment,BSc Accounting & Finance,UG-0164,"This dissertation investigates retail in the context of UK firms. Using experiment, the project collects secondary data from published sources and examines whether retail is associated with measurable performance outcomes. The contribution lies in linking the retail literature to practical decision making.",retail,experiment,Smith (2021); Lee and Wang (2020) on retail,SUP079,,
s2300165,Vera Xu,Measuring the effect of logistics on customer outcomes through machine learning,BSc Accounting & Finance,UG-0165,"This dissertation investigates logistics in the context of UK firms. Using machine learning, the project collects secondary data from published sources and examines whether logistics is associated with measurable performance outcomes. The contribution lies in linking the logistics literature to practical decision making.",logistics,machine learning,Smith (2021); Lee and Wang (2020) on logistics,SUP032,,
s2300166,Vera Young,How does strategy shape decision making? A systematic review approach,BSc Business Management,UG-0166,"This dissertation investigates strategy in the context of UK firms. Using systematic review, the project collects secondary data from published sources and examines whether strategy is associated with measurable performance outcomes. The contribution lies in linking the strategy literature to practical decision making.",strategy,systematic review,Smith (2021); Lee and Wang (2020) on strategy,,,
s2300167,Zoe Lewis,Exploring hrm adoption using optimisation,MA Economics & Business,UG-0167,"This dissertation investigates hrm in the context of UK firms. Using optimisation, the project collects secondary data from published sources and examines whether hrm is associated with measurable performance outcomes. The contribution lies in linking the hrm literature to practical decision making.",hrm,optimisation,Smith (2021); Lee and Wang (2020) on hrm,,,
s2300168,Umar Taylor,Measuring the effect of marketing analytics on customer outcomes through case study,BSc Business Management,UG-0168,"This dissertation investigates marketing analytics in the context of UK firms. Using case study, the project collects secondary data from published sources and examines whether marketing analytics is associated with measurable performance outcomes. The contribution lies in linking the marketing analytics literature to practical decision making.",marketing analytics,case study,Smith (2021); Lee and Wang (2020) on marketing analytics,SUP073,,
s2300169,Olga Watson,The impact of supply chain practices on firm performance: evidence from interview,BSc Business Management,UG-0169,"This dissertation investigates supply chain in the context of UK firms. Using interview, the project collects secondary data from published sources and examines whether supply chain is associated with measurable performance outcomes. The contribution lies in linking the supply chain literature to practical decision making.",supply chain,interview,Smith (2021); Lee and Wang (2020) on supply chain,SUP096,,
s2300170,Vera Douglas,How does accounting shape decision making? A text mining approach,BSc Accounting & Finance,UG-0170,"This dissertation investigates accounting in the context of UK firms. Using text mining, the project collects secondary data from published sources and examines whether accounting is associated with measurable performance outcomes. The contribution lies in linking the accounting literature to practical decision making.",accounting,text mining,Smith (2021); Lee and Wang (2020) on accounting,,,
s2300171,Eve Fraser,logistics in the UK context: a simulation study,BSc Business Management,UG-0171,"This dissertation investigates logistics in the context of UK firms. Using simulation, the project collects secondary data from published sources and examines whether logistics is associated with measurable performance outcomes. The contribution lies in linking the logistics literature to practical decision making.",logistics,simulation,Smith (2021); Lee and Wang (2020) on logistics,,,
s2300172,Will Taylor,Exploring banking adoption using text mining,BSc Business Management,UG-0172,"This dissertation investigates banking in the context of UK firms. Using text mining, the project collects secondary data from published sources and examines whether banking is associated with measurable performance outcomes. The contribution lies in linking the banking literature to practical decision making.",banking,text mining,Smith (2021); Lee and Wang (2020) on banking,,,
s2300173,Grace Young,The impact of logistics practices on firm performance: evidence from simulation,BSc International Business,UG-0173,"This dissertation investigates logistics in the context of UK firms. Using simulation, the project collects secondary data from published sources and examines whether logistics is associated with measurable performance outcomes. The contribution lies in linking the logistics literature to practical decision making.",logistics,simulation,Smith (2021); Lee and Wang (2020) on logistics,,,
s2300174,Tara Kerr,marketing analytics in the UK context: a econometrics study,BSc International Business,UG-0174,"This dissertation investigates marketing analytics in the context of UK firms. Using econometrics, the project collects secondary data from published sources and examines whether marketing analytics is associated with measurable performance outcomes. The contribution lies in linking the marketing analytics literature to practical decision making.",marketing analytics,econometrics,Smith (2021); Lee and Wang (2020) on marketing analytics,SUP018,,
s2300175,Maya Evans,Exploring logistics adoption using simulation,BSc Accounting & Finance,UG-0175,"This dissertation investigates logistics in the context of UK firms. Using simulation, the project collects secondary data from published sources and examines whether logistics is associated with measurable performance outcomes. The contribution lies in linking the logistics literature to practical decision making.",logistics,simulation,Smith (2021); Lee and Wang (2020) on logistics,,,
s2300176,Pavel Hughes,The impact of hrm practices on firm performance: evidence from experiment,MA Economics & Business,UG-0176,"This dissertation investigates hrm in the context of UK firms. Using experiment, the project collects secondary data from published sources and examines whether hrm is associated with measurable performance outcomes. The contribution lies in linking the hrm literature to practical decision making.",hrm,experiment,Smith (2021); Lee and Wang (2020) on hrm,SUP027,,
s2300177,Yara Fraser,supply chain in the UK context: a systematic review study,BSc International Business,UG-0177,"This dissertation investigates supply chain in the context of UK firms. Using systematic review, the project collects secondary data from published sources and examines whether supply chain is associated with measurable performance outcomes. The contribution lies in linking the supply chain literature to practical decision making.",supply chain,systematic review,Smith (2021); Lee and Wang (2020) on supply chain,,,
s2300178,Alice Urquhart,Exploring healthcare management adoption using optimisation,BSc Business Management,UG-0178,"This dissertation investigates healthcare management in the context of UK firms. Using optimisation, the project collects secondary data from published sources and examines whether healthcare management is associated with measurable performance outcomes. The contribution lies in linking the healthcare management literature to practical decision making.",healthcare management,optimisation,Smith (2021); Lee and Wang (2020) on healthcare management,,,
s2300179,Pavel Watson,How does logistics shape decision making? A machine learning approach,BSc Accounting & Finance,UG-0179,"This dissertation investigates logistics in the context of UK firms. Using machine learning, the project collects secondary data from published sources and examines whether logistics is associated with measurable performance outcomes. The contribution lies in linking the logistics literature to practical decision making.",logistics,machine learning,Smith (2021); Lee and Wang (2020) on logistics,SUP091,,
s2300180,Olga Hughes,The impact of accounting practices on firm performance: evidence from regression,BSc Business Management,UG-0180,"This dissertation investigates accounting in the context of UK firms. Using regression, the project collects secondary data from published sources and examines whether accounting is associated with measurable performance outcomes. The contribution lies in linking the accounting literature to practical decision making.",accounting,regression,Smith (2021); Lee and Wang (2020) on accounting,,,
s2300181,Dara Evans,Measuring the effect of entrepreneurship on customer outcomes through case study,BSc International Business,UG-0181,"This dissertation investigates entrepreneurship in the context of UK firms. Using case study, the project collects secondary data from published sources and examines whether entrepreneurship is associated with measurable performance outcomes. The contribution lies in linking the entrepreneurship literature to practical decision making.",entrepreneurship,case study,Smith (2021); Lee and Wang (2020) on entrepreneurship,,,
s2300182,Eve Nolan,Measuring the effect of retail on customer outcomes through survey,BSc Business Management,UG-0182,"This dissertation investigates retail in the context of UK firms. Using survey, the project collects secondary data from published sources and examines whether retail is associated with measurable performance outcomes. The contribution lies in linking the retail literature to practical decision making.",retail,survey,Smith (2021); Lee and Wang (2020) on retail,,,
s2300183,Tara Lewis,The impact of digital economy practices on firm performance: evidence from econometrics,BSc Business Management,UG-0183,"This dissertation investigates digital economy in the context of UK firms. Using econometrics, the project collects secondary data from published sources and examines whether digital economy is associated with measurable performance outcomes. The contribution lies in linking the digital economy literature to practical decision making.",digital economy,econometrics,Smith (2021); Lee and Wang (2020) on digital economy,SUP033,,
s2300184,Niall Watson,How does accounting shape decision making? A text mining approach,BSc International Business,UG-0184,"This dissertation investigates accounting in the context of UK firms. Using text mining, the project collects secondary data from published sources and examines whether accounting is associated with measurable performance outcomes. The contribution lies in linking the accounting literature to practical decision making.",accounting,text mining,Smith (2021); Lee and Wang (2020) on accounting,,,
s2300185,Umar Taylor,How does retail shape decision making? A network analysis approach,BSc Accounting & Finance,UG-0185,"This dissertation investigates retail in the context of UK firms. Using network analysis, the project collects secondary data from published sources and examines whether retail is associated with measurable performance outcomes. The contribution lies in linking the retail literature to practical decision making.",retail,network analysis,Smith (2021); Lee and Wang (2020) on retail,,,
s2300186,Eve Lewis,Measuring the effect of strategy on customer outcomes through experiment,BSc International Business,UG-0186,"This dissertation investigates strategy in the context of UK firms. Using experiment, the project collects secondary data from published sources and examines whether strategy is associated with measurable performance outcomes. The contribution lies in linking the strategy literature to practical decision making.",strategy,experiment,Smith (2021); Lee and Wang (2020) on strategy,,,
s2300187,Kate Jones,How does healthcare management shape decision making? A systematic review approach,BSc Accounting & Finance,UG-0187,"This dissertation investigates healthcare management in the context of UK firms. Using systematic review, the project collects secondary data from published sources and examines whether healthcare management is associated with measurable performance outcomes. The contribution lies in linking the healthcare management literature to practical decision making.",healthcare management,systematic review,Smith (2021); Lee and Wang (2020) on healthcare management,,,
s2300188,Zoe Paterson,entrepreneurship in the UK context: a regression study,BSc International Business,UG-0188,"This dissertation investigates entrepreneurship in the context of UK firms. Using regression, the project collects secondary data from published sources and examines whether entrepreneurship is associated with measurable performance outcomes. The contribution lies in linking the entrepreneurship literature to practical decision making.",entrepreneurship,regression,Smith (2021); Lee and Wang (2020) on entrepreneurship,,,
s2300189,Pavel Jones,Exploring operations adoption using optimisation,BSc Business Management,UG-0189,"This dissertation investigates operations in the context of UK firms. Using optimisation, the project collects secondary data from published sources and examines whether operations is associated with measurable performance outcomes. The contribution lies in linking the operations literature to practical decision making.",operations,optimisation,Smith (2021); Lee and Wang (2020) on operations,,,
s2300190,Hamid Fraser,How does retail shape decision making? A experiment approach,BSc Accounting & Finance,UG-0190,"This dissertation investigates retail in the context of UK firms. Using experiment, the project collects secondary data from published sources and examines whether retail is associated with measurable performance outcomes. The contribution lies in linking the retail literature to practical decision making.",retail,experiment,Smith (2021); Lee and Wang (2020) on retail,,,
s2300191,Yara Anderson,consumer behaviour in the UK context: a case study study,BSc Business Management,UG-0191,"This dissertation investigates consumer behaviour in the context of UK firms. Using case study, the project collects secondary data from published sources and examines whether consumer behaviour is associated with measurable performance outcomes. The contribution lies in linking the consumer behaviour literature to practical decision making.",consumer behaviour,case study,Smith (2021); Lee and Wang (2020) on consumer behaviour,,,
s2300192,Olga MacLeod,The impact of marketing analytics practices on firm performance: evidence from optimisation,BSc Accounting & Finance,UG-0192,"This dissertation investigates marketing analytics in the context of UK firms. Using optimisation, the project collects secondary data from published sources and examines whether marketing analytics is associated with measurable performance outcomes. The contribution lies in linking the marketing analytics literature to practical decision making.",marketing analytics,optimisation,Smith (2021); Lee and Wang (2020) on marketing analytics,,,
s2300193,Vera Kerr,Business topic to be confirmed,BSc International Business,UG-0193,I am still deciding on my topic but I am interested in business.,,,,,,
s2300194,Olga Grant,sustainability in the UK context: a regression study,BSc International Business,UG-0194,"This dissertation investigates sustainability in the context of UK firms. Using regression, the project collects secondary data from published sources and examines whether sustainability is associated with measurable performance outcomes. The contribution lies in linking the sustainability literature to practical decision making.",sustainability,regression,Smith (2021); Lee and Wang (2020) on sustainability,,,
s2300195,Xiu Ogilvie,healthcare management in the UK context: a text mining study,BSc International Business,UG-0195,"This dissertation investigates healthcare management in the context of UK firms. Using text mining, the project collects secondary data from published sources and examines whether healthcare management is associated with measurable performance outcomes. The contribution lies in linking the healthcare management literature to practical decision making.",healthcare management,text mining,Smith (2021); Lee and Wang (2020) on healthcare management,,,
s2300196,Kate Anderson,How does digital economy shape decision making? A machine learning approach,BSc Accounting & Finance,UG-0196,"This dissertation investigates digital economy in the context of UK firms. Using machine learning, the project collects secondary data from published sources and examines whether digital economy is associated with measurable performance outcomes. The contribution lies in linking the digital economy literature to practical decision making.",digital economy,machine learning,Smith (2021); Lee and Wang (2020) on digital economy,,,
s2300197,Qi Young,retail in the UK context: a econometrics study,BSc International Business,UG-0197,"This dissertation investigates retail in the context of UK firms. Using econometrics, the project collects secondary data from published sources and examines whether retail is associated with measurable performance outcomes. The contribution lies in linking the retail literature to practical decision making.",retail,econometrics,Smith (2021); Lee and Wang (2020) on retail,,,
s2300198,Isla Fraser,The impact of operations practices on firm performance: evidence from survey,BSc Business Management,UG-0198,"This dissertation investigates operations in the context of UK firms. Using survey, the project collects secondary data from published sources and examines whether operations is associated with measurable performance outcomes. The contribution lies in linking the operations literature to practical decision making.",operations,survey,Smith (2021); Lee and Wang (2020) on operations,,,
s2300199,Jian Douglas,The impact of sustainability practices on firm performance: evidence from regression,BSc International Business,UG-0199,"This dissertation investigates sustainability in the context of UK firms. Using regression, the project collects secondary data from published sources and examines whether sustainability is associated with measurable performance outcomes. The contribution lies in linking the sustainability literature to practical decision making.",sustainability,regression,Smith (2021); Lee and Wang (2020) on sustainability,,,
s2300200,Vera Irvine,Measuring the effect of logistics on customer outcomes through network analysis,BSc Business Management,UG-0200,"This dissertation investigates logistics in the context of UK firms. Using network analysis, the project collects secondary data from published sources and examines whether logistics is associated with measurable performance outcomes. The contribution lies in linking the logistics literature to practical decision making.",logistics,network analysis,Smith (2021); Lee and Wang (2020) on logistics,SUP018,,
s2300201,Jian Brown,The impact of operations practices on firm performance: evidence from econometrics,BSc Business Management,UG-0201,"This dissertation investigates operations in the context of UK firms. Using econometrics, the project collects secondary data from published sources and examines whether operations is associated with measurable performance outcomes. The contribution lies in linking the operations literature to practical decision making.",operations,econometrics,Smith (2021); Lee and Wang (2020) on operations,SUP106,,
s2300202,Tara Paterson,The impact of supply chain practices on firm performance: evidence from econometrics,BSc Accounting & Finance,UG-0202,"This dissertation investigates supply chain in the context of UK firms. Using econometrics, the project collects secondary data from published sources and examines whether supply chain is associated with measurable performance outcomes. The contribution lies in linking the supply chain literature to practical decision making.",supply chain,econometrics,Smith (2021); Lee and Wang (2020) on supply chain,,,
s2300203,Will Lewis,digital economy in the UK context: a simulation study,BSc Accounting & Finance,UG-0203,"This dissertation investigates digital economy in the context of UK firms. Using simulation, the project collects secondary data from published sources and examines whether digital economy is associated with measurable performance outcomes. The contribution lies in linking the digital economy literature to practical decision making.",digital economy,simulation,Smith (2021); Lee and Wang (2020) on digital economy,,,
s2300204,Eve MacLeod,The impact of banking practices on firm performance: evidence from survey,BSc Business Management,UG-0204,"This dissertation investigates banking in the context of UK firms. Using survey, the project collects secondary data from published sources and examines whether banking is associated with measurable performance outcomes. The contribution lies in linking the banking literature to practical decision making.",banking,survey,Smith (2021); Lee and Wang (2020) on banking,,,
s2300205,Grace Taylor,How does logistics shape decision making? A experiment approach,BSc International Business,UG-0205,"This dissertation investigates logistics in the context of UK firms. Using experiment, the project collects secondary data from published sources and examines whether logistics is associated with measurable performance outcomes. The contribution lies in linking the logistics literature to practical decision making.",logistics,experiment,Smith (2021); Lee and Wang (2020) on logistics,,,
s2300206,Qi Watson,Measuring the effect of strategy on customer outcomes through optimisation,BSc Business Management,UG-0206,"This dissertation investigates strategy in the context of UK firms. Using optimisation, the project collects secondary data from published sources and examines whether strategy is associated with measurable performance outcomes. The contribution lies in linking the strategy literature to practical decision making.",strategy,optimisation,Smith (2021); Lee and Wang (2020) on strategy,,,
s2300207,Hamid Lewis,Exploring operations adoption using machine learning,BSc Accounting & Finance,UG-0207,"This dissertation investigates operations in the context of UK firms. Using machine learning, the project collects secondary data from published sources and examines whether operations is associated with measurable performance outcomes. The contribution lies in linking the operations literature to practical decision making.",operations,machine learning,Smith (2021); Lee and Wang (2020) on operations,,,
s2300208,Grace Hughes,How does operations shape decision making? A optimisation approach,BSc Business Management,UG-0208,"This dissertation investigates operations in the context of UK firms. Using optimisation, the project collects secondary data from published sources and examines whether operations is associated with measurable performance outcomes. The contribution lies in linking the operations literature to practical decision making.",operations,optimisation,Smith (2021); Lee and Wang (2020) on operations,,,
s2300209,Pavel Young,The impact of hrm practices on firm performance: evidence from survey,BSc Accounting & Finance,UG-0209,"This dissertation investigates hrm in the context of UK firms. Using survey, the project collects secondary data from published sources and examines whether hrm is associated with measurable performance outcomes. The contribution lies in linking the hrm literature to practical decision making.",hrm,survey,Smith (2021); Lee and Wang (2020) on hrm,,,
s2300210,Pavel Brown,Exploring entrepreneurship adoption using text mining,BSc Accounting & Finance,UG-0210,"This dissertation investigates entrepreneurship in the context of UK firms. Using text mining, the project collects secondary data from published sources and examines whether entrepreneurship is associated with measurable performance outcomes. The contribution lies in linking the entrepreneurship literature to practical decision making.",entrepreneurship,text mining,Smith (2021); Lee and Wang (2020) on entrepreneurship,,,
s2300211,Chen Irvine,banking in the UK context: a survey study,BSc Business Management,UG-0211,"This dissertation investigates banking in the context of UK firms. Using survey, the project collects secondary data from published sources and examines whether banking is associated with measurable performance outcomes. The contribution lies in linking the banking literature to practical decision making.",banking,survey,Smith (2021); Lee and Wang (2020) on banking,,,
s2300212,Maya Ogilvie,The impact of digital economy practices on firm performance: evidence from machine learning,BSc Accounting & Finance,UG-0212,"This dissertation investigates digital economy in the context of UK firms. Using machine learning, the project collects secondary data from published sources and examines whether digital economy is associated with measurable performance outcomes. The contribution lies in linking the digital economy literature to practical decision making.",digital economy,machine learning,Smith (2021); Lee and Wang (2020) on digital economy,,,
s2300213,Maya Stewart,Measuring the effect of digital economy on customer outcomes through interview,BSc International Business,UG-0213,"This dissertation investigates digital economy in the context of UK firms. Using interview, the project collects secondary data from published sources and examines whether digital economy is associated with measurable performance outcomes. The contribution lies in linking the digital economy literature to practical decision making.",digital economy,interview,Smith (2021); Lee and Wang (2020) on digital economy,,,
s2300214,Zoe Taylor,The impact of retail practices on firm performance: evidence from interview,BSc Business Management,UG-0214,"This dissertation investigates retail in the context of UK firms. Using interview, the project collects secondary data from published sources and examines whether retail is associated with measurable performance outcomes. The contribution lies in linking the retail literature to practical decision making.",retail,interview,Smith (2021); Lee and Wang (2020) on retail,,,
s2300215,Maya Irvine,operations in the UK context: a text mining study,BSc Business Management,UG-0215,"This dissertation investigates operations in the context of UK firms. Using text mining, the project collects secondary data from published sources and examines whether operations is associated with measurable performance outcomes. The contribution lies in linking the operations literature to practical decision making.",operations,text mining,Smith (2021); Lee and Wang (2020) on operations,,,
s2300216,Pavel Evans,retail in the UK context: a systematic review study,BSc Business Management,UG-0216,"This dissertation investigates retail in the context of UK firms. Using systematic review, the project collects secondary data from published sources and examines whether retail is associated with measurable performance outcomes. The contribution lies in linking the retail literature to practical decision making.",retail,systematic review,Smith (2021); Lee and Wang (2020) on retail,SUP023,,
s2300217,Jian Urquhart,hrm in the UK context: a regression study,BSc Accounting & Finance,UG-0217,"This dissertation investigates hrm in the context of UK firms. Using regression, the project collects secondary data from published sources and examines whether hrm is associated with measurable performance outcomes. The contribution lies in linking the hrm literature to practical decision making.",hrm,regression,Smith (2021); Lee and Wang (2020) on hrm,SUP079,,
s2300218,Chen Young,Measuring the effect of marketing analytics on customer outcomes through interview,MA Economics & Business,UG-0218,"This dissertation investigates marketing analytics in the context of UK firms. Using interview, the project collects secondary data from published sources and examines whether marketing analytics is associated with measurable performance outcomes. The contribution lies in linking the marketing analytics literature to practical decision making.",marketing analytics,interview,Smith (2021); Lee and Wang (2020) on marketing analytics,,,
s2300219,Isla Irvine,logistics in the UK context: a machine learning study,BSc Business Management,UG-0219,"This dissertation investigates logistics in the context of UK firms. Using machine learning, the project collects secondary data from published sources and examines whether logistics is associated with measurable performance outcomes. The contribution lies in linking the logistics literature to practical decision making.",logistics,machine learning,Smith (2021); Lee and Wang (2020) on logistics,,,
s2300220,Yara Nolan,The impact of logistics practices on firm performance: evidence from machine learning,MA Economics & Business,UG-0220,"This dissertation investigates logistics in the context of UK firms. Using machine learning, the project collects secondary data from published sources and examines whether logistics is associated with measurable performance outcomes. The contribution lies in linking the logistics literature to practical decision making.",logistics,machine learning,Smith (2021); Lee and Wang (2020) on logistics,,,
s2300221,Zoe Stewart,How does digital economy shape decision making? A simulation approach,BSc Accounting & Finance,UG-0221,"This dissertation investigates digital economy in the context of UK firms. Using simulation, the project collects secondary data from published sources and examines whether digital economy is associated with measurable performance outcomes. The contribution lies in linking the digital economy literature to practical decision making.",digital economy,simulation,Smith (2021); Lee and Wang (2020) on digital economy,,,
s2300222,Tara Zhang,The impact of strategy practices on firm performance: evidence from optimisation,BSc Business Management,UG-0222,"This dissertation investigates strategy in the context of UK firms. Using optimisation, the project collects secondary data from published sources and examines whether strategy is associated with measurable performance outcomes. The contribution lies in linking the strategy literature to practical decision making.",strategy,optimisation,Smith (2021); Lee and Wang (2020) on strategy,,,
s2300223,Qi Kerr,Measuring the effect of retail on customer outcomes through simulation,BSc Business Management,UG-0223,"This dissertation investigates retail in the context of UK firms. Using simulation, the project collects secondary data from published sources and examines whether retail is associated with measurable performance outcomes. The contribution lies in linking the retail literature to practical decision making.",retail,simulation,Smith (2021); Lee and Wang (2020) on retail,SUP040,,
s2300224,Vera Young,accounting in the UK context: a text mining study,BSc Business Management,UG-0224,"This dissertation investigates accounting in the context of UK firms. Using text mining, the project collects secondary data from published sources and examines whether accounting is associated with measurable performance outcomes. The contribution lies in linking the accounting literature to practical decision making.",accounting,text mining,Smith (2021); Lee and Wang (2020) on accounting,,,
s2300225,Pavel Urquhart,Measuring the effect of banking on customer outcomes through systematic review,BSc International Business,UG-0225,"This dissertation investigates banking in the context of UK firms. Using systematic review, the project collects secondary data from published sources and examines whether banking is associated with measurable performance outcomes. The contribution lies in linking the banking literature to practical decision making.",banking,systematic review,Smith (2021); Lee and Wang (2020) on banking,,,
s2300226,Olga Evans,consumer behaviour in the UK context: a case study study,BSc Accounting & Finance,UG-0226,"This dissertation investigates consumer behaviour in the context of UK firms. Using case study, the project collects secondary data from published sources and examines whether consumer behaviour is associated with measurable performance outcomes. The contribution lies in linking the consumer behaviour literature to practical decision making.",consumer behaviour,case study,Smith (2021); Lee and Wang (2020) on consumer behaviour,,,
s2300227,Vera Irvine,banking in the UK context: a simulation study,BSc Business Management,UG-0227,"This dissertation investigates banking in the context of UK firms. Using simulation, the project collects secondary data from published sources and examines whether banking is associated with measurable performance outcomes. The contribution lies in linking the banking literature to practical decision making.",banking,simulation,Smith (2021); Lee and Wang (2020) on banking,SUP035,,
s2300228,Zoe Lewis,The impact of banking practices on firm performance: evidence from machine learning,BSc Business Management,UG-0228,"This dissertation investigates banking in the context of UK firms. Using machine learning, the project collects secondary data from published sources and examines whether banking is associated with measurable performance outcomes. The contribution lies in linking the banking literature to practical decision making.",banking,machine learning,Smith (2021); Lee and Wang (2020) on banking,,,
s2300229,Olga Zhang,Business topic to be confirmed,BSc International Business,UG-0229,I am still deciding on my topic but I am interested in business.,,,,SUP034,,
s2300230,Rhona Brown,The impact of marketing analytics practices on firm performance: evidence from case study,BSc International Business,UG-0230,"This dissertation investigates marketing analytics in the context of UK firms. Using case study, the project collects secondary data from published sources and examines whether marketing analytics is associated with measurable performance outcomes. The contribution lies in linking the marketing analytics literature to practical decision making.",marketing analytics,case study,Smith (2021); Lee and Wang (2020) on marketing analytics,,,
s2300231,Alice Campbell,The impact of supply chain practices on firm performance: evidence from experiment,BSc Business Management,UG-0231,"This dissertation investigates supply chain in the context of UK firms. Using experiment, the project collects secondary data from published sources and examines whether supply chain is associated with measurable performance outcomes. The contribution lies in linking the supply chain literature to practical decision making.",supply chain,experiment,Smith (2021); Lee and Wang (2020) on supply chain,,,
s2300232,Jian Brown,marketing analytics in the UK context: a survey study,BSc Business Management,UG-0232,"This dissertation investigates marketing analytics in the context of UK firms. Using survey, the project collects secondary data from published sources and examines whether marketing analytics is associated with measurable performance outcomes. The contribution lies in linking the marketing analytics literature to practical decision making.",marketing analytics,survey,Smith (2021); Lee and Wang (2020) on marketing analytics,,,
s2300233,Alice Paterson,Measuring the effect of healthcare management on customer outcomes through econometrics,BSc International Business,UG-0233,"This dissertation investigates healthcare management in the context of UK firms. Using econometrics, the project collects secondary data from published sources and examines whether healthcare management is associated with measurable performance outcomes. The contribution lies in linking the healthcare management literature to practical decision making.",healthcare management,econometrics,Smith (2021); Lee and Wang (2020) on healthcare management,,,
s2300234,Vera Ross,The impact of strategy practices on firm performance: evidence from econometrics,MA Economics & Business,UG-0234,"This dissertation investigates strategy in the context of UK firms. Using econometrics, the project collects secondary data from published sources and examines whether strategy is associated with measurable performance outcomes. The contribution lies in linking the strategy literature to practical decision making.",strategy,econometrics,Smith (2021); Lee and Wang (2020) on strategy,,,
s2300235,Yara Ogilvie,How does strategy shape decision making? A systematic review approach,BSc Business Management,UG-0235,"This dissertation investigates strategy in the context of UK firms. Using systematic review, the project collects secondary data from published sources and examines whether strategy is associated with measurable performance outcomes. The contribution lies in linking the strategy literature to practical decision making.",strategy,systematic review,Smith (2021); Lee and Wang (2020) on strategy,,,
s2300236,Tara Brown,The impact of digital economy practices on firm performance: evidence from simulation,BSc Business Management,UG-0236,"This dissertation investigates digital economy in the context of UK firms. Using simulation, the project collects secondary data from published sources and examines whether digital economy is associated with measurable performance outcomes. The contribution lies in linking the digital economy literature to practical decision making.",digital economy,simulation,Smith (2021); Lee and Wang (2020) on digital economy,,,
s2300237,Alice Ogilvie,Exploring finance adoption using simulation,BSc Business Management,UG-0237,"This dissertation investigates finance in the context of UK firms. Using simulation, the project collects secondary data from published sources and examines whether finance is associated with measurable performance outcomes. The contribution lies in linking the finance literature to practical decision making.",finance,simulation,Smith (2021); Lee and Wang (2020) on finance,,,
s2300238,Fraser Stewart,The impact of entrepreneurship practices on firm performance: evidence from experiment,BSc Accounting & Finance,UG-0238,"This dissertation investigates entrepreneurship in the context of UK firms. Using experiment, the project collects secondary data from published sources and examines whether entrepreneurship is associated with measurable performance outcomes. The contribution lies in linking the entrepreneurship literature to practical decision making.",entrepreneurship,experiment,Smith (2021); Lee and Wang (2020) on entrepreneurship,,,
s2300239,Pavel Evans,The impact of operations practices on firm performance: evidence from case study,BSc Business Management,UG-0239,"This dissertation investigates operations in the context of UK firms. Using case study, the project collects secondary data from published sources and examines whether operations is associated with measurable performance outcomes. The contribution lies in linking the operations literature to practical decision making.",operations,case study,Smith (2021); Lee and Wang (2020) on operations,SUP062,,
s2300240,Kate Douglas,Measuring the effect of banking on customer outcomes through econometrics,BSc Business Management,UG-0240,"This dissertation investigates banking in the context of UK firms. Using econometrics, the project collects secondary data from published sources and examines whether banking is associated with measurable performance outcomes. The contribution lies in linking the banking literature to practical decision making.",banking,econometrics,Smith (2021); Lee and Wang (2020) on banking,,,
s2300241,Niall Anderson,How does banking shape decision making? A machine learning approach,BSc Business Management,UG-0241,"This dissertation investigates banking in the context of UK firms. Using machine learning, the project collects secondary data from published sources and examines whether banking is associated with measurable performance outcomes. The contribution lies in linking the banking literature to practical decision making.",banking,machine learning,Smith (2021); Lee and Wang (2020) on banking,,,
s2300242,Alice Stewart,Measuring the effect of sustainability on customer outcomes through interview,BSc Business Management,UG-0242,"This dissertation investigates sustainability in the context of UK firms. Using interview, the project collects secondary data from published sources and examines whether sustainability is associated with measurable performance outcomes. The contribution lies in linking the sustainability literature to practical decision making.",sustainability,interview,Smith (2021); Lee and Wang (2020) on sustainability,,,
s2300243,Umar Campbell,The impact of marketing analytics practices on firm performance: evidence from systematic review,BSc International Business,UG-0243,"This dissertation investigates marketing analytics in the context of UK firms. Using systematic review, the project collects secondary data from published sources and examines whether marketing analytics is associated with measurable performance outcomes. The contribution lies in linking the marketing analytics literature to practical decision making.",marketing analytics,systematic review,Smith (2021); Lee and Wang (2020) on marketing analytics,,,
s2300244,Pavel Quinn,healthcare management in the UK context: a systematic review study,BSc Accounting & Finance,UG-0244,"This dissertation investigates healthcare management in the context of UK firms. Using systematic review, the project collects secondary data from published sources and examines whether healthcare management is associated with measurable performance outcomes. The contribution lies in linking the healthcare management literature to practical decision making.",healthcare management,systematic review,Smith (2021); Lee and Wang (2020) on healthcare management,SUP071,,
s2300245,Ben Evans,Measuring the effect of digital economy on customer outcomes through text mining,BSc Business Management,UG-0245,"This dissertation investigates digital economy in the context of UK firms. Using text mining, the project collects secondary data from published sources and examines whether digital economy is associated with measurable performance outcomes. The contribution lies in linking the digital economy literature to practical decision making.",digital economy,text mining,Smith (2021); Lee and Wang (2020) on digital economy,,,
s2300246,Yara Zhang,The impact of strategy practices on firm performance: evidence from interview,BSc Business Management,UG-0246,"This dissertation investigates strategy in the context of UK firms. Using interview, the project collects secondary data from published sources and examines whether strategy is associated with measurable performance outcomes. The contribution lies in linking the strategy literature to practical decision making.",strategy,interview,Smith (2021); Lee and Wang (2020) on strategy,,,
s2300247,Eve Stewart,strategy in the UK context: a systematic review study,BSc Accounting & Finance,UG-0247,"This dissertation investigates strategy in the context of UK firms. Using systematic review, the project collects secondary data from published sources and examines whether strategy is associated with measurable performance outcomes. The contribution lies in linking the strategy literature to practical decision making.",strategy,systematic review,Smith (2021); Lee and Wang (2020) on strategy,,,
s2300248,Yara Watson,Exploring accounting adoption using text mining,BSc International Business,UG-0248,"This dissertation investigates accounting in the context of UK firms. Using text mining, the project collects secondary data from published sources and examines whether accounting is associated with measurable performance outcomes. The contribution lies in linking the accounting literature to practical decision making.",accounting,text mining,Smith (2021); Lee and Wang (2020) on accounting,,,
s2300249,Grace MacLeod,Measuring the effect of finance on customer outcomes through experiment,MA Economics & Business,UG-0249,"This dissertation investigates finance in the context of UK firms. Using experiment, the project collects secondary data from published sources and examines whether finance is associated with measurable performance outcomes. The contribution lies in linking the finance literature to practical decision making.",finance,experiment,Smith (2021); Lee and Wang (2020) on finance,,,
s2300250,Olga Douglas,operations in the UK context: a text mining study,BSc Business Management,UG-0250,"This dissertation investigates operations in the context of UK firms. Using text mining, the project collects secondary data from published sources and examines whether operations is associated with measurable performance outcomes. The contribution lies in linking the operations literature to practical decision making.",operations,text mining,Smith (2021); Lee and Wang (2020) on operations,,,
s2300251,Isla Kerr,operations in the UK context: a network analysis study,BSc International Business,UG-0251,"This dissertation investigates operations in the context of UK firms. Using network analysis, the project collects secondary data from published sources and examines whether operations is associated with measurable performance outcomes. The contribution lies in linking the operations literature to practical decision making.",operations,network analysis,Smith (2021); Lee and Wang (2020) on operations,,,
s2300252,Alice Vance,Exploring logistics adoption using optimisation,MA Economics & Business,UG-0252,"This dissertation investigates logistics in the context of UK firms. Using optimisation, the project collects secondary data from published sources and examines whether logistics is associated with measurable performance outcomes. The contribution lies in linking the logistics literature to practical decision making.",logistics,optimisation,Smith (2021); Lee and Wang (2020) on logistics,,,
s2300253,Liam Grant,Exploring accounting adoption using regression,BSc Business Management,UG-0253,"This dissertation investigates accounting in the context of UK firms. Using regression, the project collects secondary data from published sources and examines whether accounting is associated with measurable performance outcomes. The contribution lies in linking the accounting literature to practical decision making.",accounting,regression,Smith (2021); Lee and Wang (2020) on accounting,SUP038,,
s2300254,Maya Hughes,The impact of sustainability practices on firm performance: evidence from text mining,BSc International Business,UG-0254,"This dissertation investigates sustainability in the context of UK firms. Using text mining, the project collects secondary data from published sources and examines whether sustainability is associated with measurable performance outcomes. The contribution lies in linking the sustainability literature to practical decision making.",sustainability,text mining,Smith (2021); Lee and Wang (2020) on sustainability,,,
s2300255,Liam Douglas,How does operations shape decision making? A regression approach,BSc Business Management,UG-0255,"This dissertation investigates operations in the context of UK firms. Using regression, the project collects secondary data from published sources and examines whether operations is associated with measurable performance outcomes. The contribution lies in linking the operations literature to practical decision making.",operations,regression,Smith (2021); Lee and Wang (2020) on operations,,,
s2300256,Niall Lewis,The impact of banking practices on firm performance: evidence from interview,BSc Business Management,UG-0256,"This dissertation investigates banking in the context of UK firms. Using interview, the project collects secondary data from published sources and examines whether banking is associated with measurable performance outcomes. The contribution lies in linking the banking literature to practical decision making.",banking,interview,Smith (2021); Lee and Wang (2020) on banking,,,
s2300257,Tara Campbell,consumer behaviour in the UK context: a simulation study,BSc Accounting & Finance,UG-0257,"This dissertation investigates consumer behaviour in the context of UK firms. Using simulation, the project collects secondary data from published sources and examines whether consumer behaviour is associated with measurable performance outcomes. The contribution lies in linking the consumer behaviour literature to practical decision making.",consumer behaviour,simulation,Smith (2021); Lee and Wang (2020) on consumer behaviour,SUP001,,
s2300258,Tara Vance,The impact of finance practices on firm performance: evidence from survey,BSc Business Management,UG-0258,"This dissertation investigates finance in the context of UK firms. Using survey, the project collects secondary data from published sources and examines whether finance is associated with measurable performance outcomes. The contribution lies in linking the finance literature to practical decision making.",finance,survey,Smith (2021); Lee and Wang (2020) on finance,,,
s2300259,Pavel Quinn,Business topic to be confirmed,BSc Accounting & Finance,UG-0259,I am still deciding on my topic but I am interested in business.,,,,,,
s2300260,Kate Campbell,Exploring accounting adoption using network analysis,BSc International Business,UG-0260,"This dissertation investigates accounting in the context of UK firms. Using network analysis, the project collects secondary data from published sources and examines whether accounting is associated with measurable performance outcomes. The contribution lies in linking the accounting literature to practical decision making.",accounting,network analysis,Smith (2021); Lee and Wang (2020) on accounting,,,
s2300261,Grace Taylor,Measuring the effect of consumer behaviour on customer outcomes through regression,MA Economics & Business,UG-0261,"This dissertation investigates consumer behaviour in the context of UK firms. Using regression, the project collects secondary data from published sources and examines whether consumer behaviour is associated with measurable performance outcomes. The contribution lies in linking the consumer behaviour literature to practical decision making.",consumer behaviour,regression,Smith (2021); Lee and Wang (2020) on consumer behaviour,,,
s2300262,Qi Zhang,Measuring the effect of consumer behaviour on customer outcomes through interview,BSc Business Management,UG-0262,"This dissertation investigates consumer behaviour in the context of UK firms. Using interview, the project collects secondary data from published sources and examines whether consumer behaviour is associated with measurable performance outcomes. The contribution lies in linking the consumer behaviour literature to practical decision making.",consumer behaviour,interview,Smith (2021); Lee and Wang (2020) on consumer behaviour,SUP039,,
s2300263,Olga Urquhart,How does banking shape decision making? A systematic review approach,BSc Business Management,UG-0263,"This dissertation investigates banking in the context of UK firms. Using systematic review, the project collects secondary data from published sources and examines whether banking is associated with measurable performance outcomes. The contribution lies in linking the banking literature to practical decision making.",banking,systematic review,Smith (2021); Lee and Wang (2020) on banking,,,
s2300264,Chen Vance,logistics in the UK context: a regression study,MA Economics & Business,UG-0264,"This dissertation investigates logistics in the context of UK firms. Using regression, the project collects secondary data from published sources and examines whether logistics is associated with measurable performance outcomes. The contribution lies in linking the logistics literature to practical decision making.",logistics,regression,Smith (2021); Lee and Wang (2020) on logistics,,,
s2300265,Zoe Anderson,The impact of consumer behaviour practices on firm performance: evidence from econometrics,BSc International Business,UG-0265,"This dissertation investigates consumer behaviour in the context of UK firms. Using econometrics, the project collects secondary data from published sources and examines whether consumer behaviour is associated with measurable performance outcomes. The contribution lies in linking the consumer behaviour literature to practical decision making.",consumer behaviour,econometrics,Smith (2021); Lee and Wang (2020) on consumer behaviour,SUP078,,
s2300266,Grace Brown,The impact of retail practices on firm performance: evidence from systematic review,MA Economics & Business,UG-0266,"This dissertation investigates retail in the context of UK firms. Using systematic review, the project collects secondary data from published sources and examines whether retail is associated with measurable performance outcomes. The contribution lies in linking the retail literature to practical decision making.",retail,systematic review,Smith (2021); Lee and Wang (2020) on retail,,,
s2300267,Zoe Zhang,Measuring the effect of supply chain on customer outcomes through systematic review,BSc Accounting & Finance,UG-0267,"This dissertation investigates supply chain in the context of UK firms. Using systematic review, the project collects secondary data from published sources and examines whether supply chain is associated with measurable performance outcomes. The contribution lies in linking the supply chain literature to practical decision making.",supply chain,systematic review,Smith (2021); Lee and Wang (2020) on supply chain,,,
s2300268,Will Douglas,How does marketing analytics shape decision making? A text mining approach,BSc Accounting & Finance,UG-0268,"This dissertation investigates marketing analytics in the context of UK firms. Using text mining, the project collects secondary data from published sources and examines whether marketing analytics is associated with measurable performance outcomes. The contribution lies in linking the marketing analytics literature to practical decision making.",marketing analytics,text mining,Smith (2021); Lee and Wang (2020) on marketing analytics,,,
s2300269,Xiu Zhang,How does healthcare management shape decision making? A simulation approach,BSc Business Management,UG-0269,"This dissertation investigates healthcare management in the context of UK firms. Using simulation, the project collects secondary data from published sources and examines whether healthcare management is associated with measurable performance outcomes. The contribution lies in linking the healthcare management literature to practical decision making.",healthcare management,simulation,Smith (2021); Lee and Wang (2020) on healthcare management,,,
s2300270,Alice Ogilvie,How does logistics shape decision making? A machine learning approach,BSc Business Management,UG-0270,"This dissertation investigates logistics in the context of UK firms. Using machine learning, the project collects secondary data from published sources and examines whether logistics is associated with measurable performance outcomes. The contribution lies in linking the logistics literature to practical decision making.",logistics,machine learning,Smith (2021); Lee and Wang (2020) on logistics,,,
s2300271,Jian Grant,banking in the UK context: a machine learning study,BSc Business Management,UG-0271,"This dissertation investigates banking in the context of UK firms. Using machine learning, the project collects secondary data from published sources and examines whether banking is associated with measurable performance outcomes. The contribution lies in linking the banking literature to practical decision making.",banking,machine learning,Smith (2021); Lee and Wang (2020) on banking,,,
s2300272,Sam Quinn,How does finance shape decision making? A optimisation approach,BSc International Business,UG-0272,"This dissertation investigates finance in the context of UK firms. Using optimisation, the project collects secondary data from published sources and examines whether finance is associated with measurable performance outcomes. The contribution lies in linking the finance literature to practical decision making.",finance,optimisation,Smith (2021); Lee and Wang (2020) on finance,,,
s2300273,Ben Xu,supply chain in the UK context: a interview study,BSc Business Management,UG-0273,"This dissertation investigates supply chain in the context of UK firms. Using interview, the project collects secondary data from published sources and examines whether supply chain is associated with measurable performance outcomes. The contribution lies in linking the supply chain literature to practical decision making.",supply chain,interview,Smith (2021); Lee and Wang (2020) on supply chain,SUP037,,
s2300274,Yara Grant,Exploring hrm adoption using survey,BSc Accounting & Finance,UG-0274,"This dissertation investigates hrm in the context of UK firms. Using survey, the project collects secondary data from published sources and examines whether hrm is associated with measurable performance outcomes. The contribution lies in linking the hrm literature to practical decision making.",hrm,survey,Smith (2021); Lee and Wang (2020) on hrm,SUP080,,
s2300275,Fraser Paterson,The impact of consumer behaviour practices on firm performance: evidence from experiment,BSc Accounting & Finance,UG-0275,"This dissertation investigates consumer behaviour in the context of UK firms. Using experiment, the project collects secondary data from published sources and examines whether consumer behaviour is associated with measurable performance outcomes. The contribution lies in linking the consumer behaviour literature to practical decision making.",consumer behaviour,experiment,Smith (2021); Lee and Wang (2020) on consumer behaviour,,,
s2300276,Zoe Nolan,The impact of strategy practices on firm performance: evidence from text mining,BSc Business Management,UG-0276,"This dissertation investigates strategy in the context of UK firms. Using text mining, the project collects secondary data from published sources and examines whether strategy is associated with measurable performance outcomes. The contribution lies in linking the strategy literature to practical decision making.",strategy,text mining,Smith (2021); Lee and Wang (2020) on strategy,,,
s2300277,Liam Paterson,How does healthcare management shape decision making? A interview approach,MA Economics & Business,UG-0277,"This dissertation investigates healthcare management in the context of UK firms. Using interview, the project collects secondary data from published sources and examines whether healthcare management is associated with measurable performance outcomes. The contribution lies in linking the healthcare management literature to practical decision making.",healthcare management,interview,Smith (2021); Lee and Wang (2020) on healthcare management,,,
s2300278,Grace Young,Business topic to be confirmed,BSc Business Management,UG-0278,I am still deciding on my topic but I am interested in business.,,,,SUP011,,
s2300279,Jian Hughes,Business topic to be confirmed,BSc Accounting & Finance,UG-0279,I am still deciding on my topic but I am interested in business.,,,,SUP098,,
s2300280,Kate Irvine,How does finance shape decision making? A survey approach,BSc Business Management,UG-0280,"This dissertation investigates finance in the context of UK firms. Using survey, the project collects secondary data from published sources and examines whether finance is associated with measurable performance outcomes. The contribution lies in linking the finance literature to practical decision making.",finance,survey,Smith (2021); Lee and Wang (2020) on finance,SUP065,,
s2300281,Fraser Paterson,Measuring the effect of supply chain on customer outcomes through machine learning,MA Economics & Business,UG-0281,"This dissertation investigates supply chain in the context of UK firms. Using machine learning, the project collects secondary data from published sources and examines whether supply chain is associated with measurable performance outcomes. The contribution lies in linking the supply chain literature to practical decision making.",supply chain,machine learning,Smith (2021); Lee and Wang (2020) on supply chain,,,
s2300282,Yara Irvine,The impact of supply chain practices on firm performance: evidence from interview,BSc Accounting & Finance,UG-0282,"This dissertation investigates supply chain in the context of UK firms. Using interview, the project collects secondary data from published sources and examines whether supply chain is associated with measurable performance outcomes. The contribution lies in linking the supply chain literature to practical decision making.",supply chain,interview,Smith (2021); Lee and Wang (2020) on supply chain,,,
s2300283,Vera Evans,digital economy in the UK context: a text mining study,BSc Business Management,UG-0283,"This dissertation investigates digital economy in the context of UK firms. Using text mining, the project collects secondary data from published sources and examines whether digital economy is associated with measurable performance outcomes. The contribution lies in linking the digital economy literature to practical decision making.",digital economy,text mining,Smith (2021); Lee and Wang (2020) on digital economy,,,
s2300284,Ben Young,strategy in the UK context: a experiment study,BSc Business Management,UG-0284,"This dissertation investigates strategy in the context of UK firms. Using experiment, the project collects secondary data from published sources and examines whether strategy is associated with measurable performance outcomes. The contribution lies in linking the strategy literature to practical decision making.",strategy,experiment,Smith (2021); Lee and Wang (2020) on strategy,,,
s2300285,Umar Hughes,Exploring operations adoption using survey,BSc Accounting & Finance,UG-0285,"This dissertation investigates operations in the context of UK firms. Using survey, the project collects secondary data from published sources and examines whether operations is associated with measurable performance outcomes. The contribution lies in linking the operations literature to practical decision making.",operations,survey,Smith (2021); Lee and Wang (2020) on operations,SUP072,,
s2300286,Umar Nolan,Measuring the effect of digital economy on customer outcomes through text mining,BSc Business Management,UG-0286,"This dissertation investigates digital economy in the context of UK firms. Using text mining, the project collects secondary data from published sources and examines whether digital economy is associated with measurable performance outcomes. The contribution lies in linking the digital economy literature to practical decision making.",digital economy,text mining,Smith (2021); Lee and Wang (2020) on digital economy,SUP081,,
s2300287,Kate Ross,Business topic to be confirmed,BSc Business Management,UG-0287,I am still deciding on my topic but I am interested in business.,,,,,,
s2300288,Kate Brown,Measuring the effect of banking on customer outcomes through systematic review,BSc Business Management,UG-0288,"This dissertation investigates banking in the context of UK firms. Using systematic review, the project collects secondary data from published sources and examines whether banking is associated with measurable performance outcomes. The contribution lies in linking the banking literature to practical decision making.",banking,systematic review,Smith (2021); Lee and Wang (2020) on banking,,,
s2300289,Tara Irvine,Exploring healthcare management adoption using network analysis,BSc Business Management,UG-0289,"This dissertation investigates healthcare management in the context of UK firms. Using network analysis, the project collects secondary data from published sources and examines whether healthcare management is associated with measurable performance outcomes. The contribution lies in linking the healthcare management literature to practical decision making.",healthcare management,network analysis,Smith (2021); Lee and Wang (2020) on healthcare management,,,
s2300290,Grace Brown,The impact of accounting practices on firm performance: evidence from survey,BSc Accounting & Finance,UG-0290,"This dissertation investigates accounting in the context of UK firms. Using survey, the project collects secondary data from published sources and examines whether accounting is associated with measurable performance outcomes. The contribution lies in linking the accounting literature to practical decision making.",accounting,survey,Smith (2021); Lee and Wang (2020) on accounting,,,
s2300291,Maya Vance,Measuring the effect of entrepreneurship on customer outcomes through interview,BSc Accounting & Finance,UG-0291,"This dissertation investigates entrepreneurship in the context of UK firms. Using interview, the project collects secondary data from published sources and examines whether entrepreneurship is associated with measurable performance outcomes. The contribution lies in linking the entrepreneurship literature to practical decision making.",entrepreneurship,interview,Smith (2021); Lee and Wang (2020) on entrepreneurship,,,
s2300292,Umar Paterson,Measuring the effect of marketing analytics on customer outcomes through regression,MA Economics & Business,UG-0292,"This dissertation investigates marketing analytics in the context of UK firms. Using regression, the project collects secondary data from published sources and examines whether marketing analytics is associated with measurable performance outcomes. The contribution lies in linking the marketing analytics literature to practical decision making.",marketing analytics,regression,Smith (2021); Lee and Wang (2020) on marketing analytics,SUP100,,
s2300293,Eve Hughes,accounting in the UK context: a interview study,MA Economics & Business,UG-0293,"This dissertation investigates accounting in the context of UK firms. Using interview, the project collects secondary data from published sources and examines whether accounting is associated with measurable performance outcomes. The contribution lies in linking the accounting literature to practical decision making.",accounting,interview,Smith (2021); Lee and Wang (2020) on accounting,,,
s2300294,Jian Ogilvie,How does logistics shape decision making? A systematic review approach,MA Economics & Business,UG-0294,"This dissertation investigates logistics in the context of UK firms. Using systematic review, the project collects secondary data from published sources and examines whether logistics is associated with measurable performance outcomes. The contribution lies in linking the logistics literature to practical decision making.",logistics,systematic review,Smith (2021); Lee and Wang (2020) on logistics,SUP077,,
s2300295,Alice Brown,finance in the UK context: a case study study,BSc International Business,UG-0295,"This dissertation investigates finance in the context of UK firms. Using case study, the project collects secondary data from published sources and examines whether finance is associated with measurable performance outcomes. The contribution lies in linking the finance literature to practical decision making.",finance,case study,Smith (2021); Lee and Wang (2020) on finance,,,
s2300296,Rhona Kerr,Measuring the effect of accounting on customer outcomes through regression,BSc Accounting & Finance,UG-0296,"This dissertation investigates accounting in the context of UK firms. Using regression, the project collects secondary data from published sources and examines whether accounting is associated with measurable performance outcomes. The contribution lies in linking the accounting literature to practical decision making.",accounting,regression,Smith (2021); Lee and Wang (2020) on accounting,,,
s2300297,Dara Paterson,How does marketing analytics shape decision making? A machine learning approach,BSc Accounting & Finance,UG-0297,"This dissertation investigates marketing analytics in the context of UK firms. Using machine learning, the project collects secondary data from published sources and examines whether marketing analytics is associated with measurable performance outcomes. The contribution lies in linking the marketing analytics literature to practical decision making.",marketing analytics,machine learning,Smith (2021); Lee and Wang (2020) on marketing analytics,,,
s2300298,Eve Stewart,Measuring the effect of strategy on customer outcomes through survey,BSc Business Management,UG-0298,"This dissertation investigates strategy in the context of UK firms. Using survey, the project collects secondary data from published sources and examines whether strategy is associated with measurable performance outcomes. The contribution lies in linking the strategy literature to practical decision making.",strategy,survey,Smith (2021); Lee and Wang (2020) on strategy,,,
s2300299,Umar Xu,Measuring the effect of consumer behaviour on customer outcomes through network analysis,BSc Business Management,UG-0299,"This dissertation investigates consumer behaviour in the context of UK firms. Using network analysis, the project collects secondary data from published sources and examines whether consumer behaviour is associated with measurable performance outcomes. The contribution lies in linking the consumer behaviour literature to practical decision making.",consumer behaviour,network analysis,Smith (2021); Lee and Wang (2020) on consumer behaviour,SUP009,,
s2300300,Isla Irvine,How does hrm shape decision making? A systematic review approach,BSc Business Management,UG-0300,"This dissertation investigates hrm in the context of UK firms. Using systematic review, the project collects secondary data from published sources and examines whether hrm is associated with measurable performance outcomes. The contribution lies in linking the hrm literature to practical decision making.",hrm,systematic review,Smith (2021); Lee and Wang (2020) on hrm,,,
s2300301,Kate Ogilvie,Measuring the effect of finance on customer outcomes through text mining,BSc International Business,UG-0301,"This dissertation investigates finance in the context of UK firms. Using text mining, the project collects secondary data from published sources and examines whether finance is associated with measurable performance outcomes. The contribution lies in linking the finance literature to practical decision making.",finance,text mining,Smith (2021); Lee and Wang (2020) on finance,,,
s2300302,Pavel Brown,Business topic to be confirmed,BSc Business Management,UG-0302,I am still deciding on my topic but I am interested in business.,,,,,,
s2300303,Liam Campbell,Exploring operations adoption using simulation,BSc Business Management,UG-0303,"This dissertation investigates operations in the context of UK firms. Using simulation, the project collects secondary data from published sources and examines whether operations is associated with measurable performance outcomes. The contribution lies in linking the operations literature to practical decision making.",operations,simulation,Smith (2021); Lee and Wang (2020) on operations,,,
s2300304,Will Watson,How does retail shape decision making? A simulation approach,BSc Accounting & Finance,UG-0304,"This dissertation investigates retail in the context of UK firms. Using simulation, the project collects secondary data from published sources and examines whether retail is associated with measurable performance outcomes. The contribution lies in linking the retail literature to practical decision making.",retail,simulation,Smith (2021); Lee and Wang (2020) on retail,,,
s2300305,Vera Brown,sustainability in the UK context: a interview study,BSc International Business,UG-0305,"This dissertation investigates sustainability in the context of UK firms. Using interview, the project collects secondary data from published sources and examines whether sustainability is associated with measurable performance outcomes. The contribution lies in linking the sustainability literature to practical decision making.",sustainability,interview,Smith (2021); Lee and Wang (2020) on sustainability,,,
s2300306,Kate Stewart,How does finance shape decision making? A case study approach,BSc Business Management,UG-0306,"This dissertation investigates finance in the context of UK firms. Using case study, the project collects secondary data from published sources and examines whether finance is associated with measurable performance outcomes. The contribution lies in linking the finance literature to practical decision making.",finance,case study,Smith (2021); Lee and Wang (2020) on finance,,,
s2300307,Sam Nolan,Measuring the effect of consumer behaviour on customer outcomes through simulation,BSc Business Management,UG-0307,"This dissertation investigates consumer behaviour in the context of UK firms. Using simulation, the project collects secondary data from published sources and examines whether consumer behaviour is associated with measurable performance outcomes. The contribution lies in linking the consumer behaviour literature to practical decision making.",consumer behaviour,simulation,Smith (2021); Lee and Wang (2020) on consumer behaviour,,,
s2300308,Pavel Hughes,digital economy in the UK context: a optimisation study,BSc Accounting & Finance,UG-0308,"This dissertation investigates digital economy in the context of UK firms. Using optimisation, the project collects secondary data from published sources and examines whether digital economy is associated with measurable performance outcomes. The contribution lies in linking the digital economy literature to practical decision making.",digital economy,optimisation,Smith (2021); Lee and Wang (2020) on digital economy,,,
s2300309,Sam Lewis,Business topic to be confirmed,BSc Business Management,UG-0309,I am still deciding on my topic but I am interested in business.,,,,,,
s2300310,Alice Campbell,hrm in the UK context: a systematic review study,BSc Business Management,UG-0310,"This dissertation investigates hrm in the context of UK firms. Using systematic review, the project collects secondary data from published sources and examines whether hrm is associated with measurable performance outcomes. The contribution lies in linking the hrm literature to practical decision making.",hrm,systematic review,Smith (2021); Lee and Wang (2020) on hrm,SUP060,,
s2300311,Chen Stewart,Measuring the effect of strategy on customer outcomes through experiment,BSc Accounting & Finance,UG-0311,"This dissertation investigates strategy in the context of UK firms. Using experiment, the project collects secondary data from published sources and examines whether strategy is associated with measurable performance outcomes. The contribution lies in linking the strategy literature to practical decision making.",strategy,experiment,Smith (2021); Lee and Wang (2020) on strategy,,,
s2300312,Pavel Paterson,Measuring the effect of sustainability on customer outcomes through systematic review,BSc Accounting & Finance,UG-0312,"This dissertation investigates sustainability in the context of UK firms. Using systematic review, the project collects secondary data from published sources and examines whether sustainability is associated with measurable performance outcomes. The contribution lies in linking the sustainability literature to practical decision making.",sustainability,systematic review,Smith (2021); Lee and Wang (2020) on sustainability,,,
s2300313,Sam Fraser,The impact of supply chain practices on firm performance: evidence from regression,BSc International Business,UG-0313,"This dissertation investigates supply chain in the context of UK firms. Using regression, the project collects secondary data from published sources and examines whether supply chain is associated with measurable performance outcomes. The contribution lies in linking the supply chain literature to practical decision making.",supply chain,regression,Smith (2021); Lee and Wang (2020) on supply chain,,,
s2300314,Kate Xu,How does healthcare management shape decision making? A survey approach,BSc Business Management,UG-0314,"This dissertation investigates healthcare management in the context of UK firms. Using survey, the project collects secondary data from published sources and examines whether healthcare management is associated with measurable performance outcomes. The contribution lies in linking the healthcare management literature to practical decision making.",healthcare management,survey,Smith (2021); Lee and Wang (2020) on healthcare management,,,
s2300315,Maya Xu,Exploring consumer behaviour adoption using machine learning,BSc International Business,UG-0315,"This dissertation investigates consumer behaviour in the context of UK firms. Using machine learning, the project collects secondary data from published sources and examines whether consumer behaviour is associated with measurable performance outcomes. The contribution lies in linking the consumer behaviour literature to practical decision making.",consumer behaviour,machine learning,Smith (2021); Lee and Wang (2020) on consumer behaviour,SUP082,,
s2300316,Eve Stewart,consumer behaviour in the UK context: a optimisation study,BSc Business Management,UG-0316,"This dissertation investigates consumer behaviour in the context of UK firms. Using optimisation, the project collects secondary data from published sources and examines whether consumer behaviour is associated with measurable performance outcomes. The contribution lies in linking the consumer behaviour literature to practical decision making.",consumer behaviour,optimisation,Smith (2021); Lee and Wang (2020) on consumer behaviour,,,
s2300317,Hamid Brown,Business topic to be confirmed,BSc Business Management,UG-0317,I am still deciding on my topic but I am interested in business.,,,,SUP078,,
s2300318,Zoe Young,How does sustainability shape decision making? A regression approach,BSc Accounting & Finance,UG-0318,"This dissertation investigates sustainability in the context of UK firms. Using regression, the project collects secondary data from published sources and examines whether sustainability is associated with measurable performance outcomes. The contribution lies in linking the sustainability literature to practical decision making.",sustainability,regression,Smith (2021); Lee and Wang (2020) on sustainability,,,
s2300319,Maya Campbell,How does digital economy shape decision making? A machine learning approach,BSc Business Management,UG-0319,"This dissertation investigates digital economy in the context of UK firms. Using machine learning, the project collects secondary data from published sources and examines whether digital economy is associated with measurable performance outcomes. The contribution lies in linking the digital economy literature to practical decision making.",digital economy,machine learning,Smith (2021); Lee and Wang (2020) on digital economy,,,
s2300320,Qi Xu,Exploring hrm adoption using survey,BSc Business Management,UG-0320,"This dissertation investigates hrm in the context of UK firms. Using survey, the project collects secondary data from published sources and examines whether hrm is associated with measurable performance outcomes. The contribution lies in linking the hrm literature to practical decision making.",hrm,survey,Smith (2021); Lee and Wang (2020) on hrm,SUP107,,
s2300321,Tara Jones,The impact of finance practices on firm performance: evidence from simulation,BSc Business Management,UG-0321,"This dissertation investigates finance in the context of UK firms. Using simulation, the project collects secondary data from published sources and examines whether finance is associated with measurable performance outcomes. The contribution lies in linking the finance literature to practical decision making.",finance,simulation,Smith (2021); Lee and Wang (2020) on finance,SUP031,,
s2300322,Qi Xu,Measuring the effect of operations on customer outcomes through experiment,BSc Business Management,UG-0322,"This dissertation investigates operations in the context of UK firms. Using experiment, the project collects secondary data from published sources and examines whether operations is associated with measurable performance outcomes. The contribution lies in linking the operations literature to practical decision making.",operations,experiment,Smith (2021); Lee and Wang (2020) on operations,SUP003,,
s2300323,Hamid Grant,How does supply chain shape decision making? A simulation approach,BSc Business Management,UG-0323,"This dissertation investigates supply chain in the context of UK firms. Using simulation, the project collects secondary data from published sources and examines whether supply chain is associated with measurable performance outcomes. The contribution lies in linking the supply chain literature to practical decision making.",supply chain,simulation,Smith (2021); Lee and Wang (2020) on supply chain,SUP106,,
s2300324,Kate MacLeod,Measuring the effect of operations on customer outcomes through machine learning,BSc Accounting & Finance,UG-0324,"This dissertation investigates operations in the context of UK firms. Using machine learning, the project collects secondary data from published sources and examines whether operations is associated with measurable performance outcomes. The contribution lies in linking the operations literature to practical decision making.",operations,machine learning,Smith (2021); Lee and Wang (2020) on operations,,,
s2300325,Vera Taylor,hrm in the UK context: a optimisation study,BSc International Business,UG-0325,"This dissertation investigates hrm in the context of UK firms. Using optimisation, the project collects secondary data from published sources and examines whether hrm is associated with measurable performance outcomes. The contribution lies in linking the hrm literature to practical decision making.",hrm,optimisation,Smith (2021); Lee and Wang (2020) on hrm,,,
s2300326,Olga Ogilvie,Exploring marketing analytics adoption using network analysis,BSc Business Management,UG-0326,"This dissertation investigates marketing analytics in the context of UK firms. Using network analysis, the project collects secondary data from published sources and examines whether marketing analytics is associated with measurable performance outcomes. The contribution lies in linking the marketing analytics literature to practical decision making.",marketing analytics,network analysis,Smith (2021); Lee and Wang (2020) on marketing analytics,SUP007,,
s2300327,Yara Hughes,The impact of strategy practices on firm performance: evidence from regression,BSc Business Management,UG-0327,"This dissertation investigates strategy in the context of UK firms. Using regression, the project collects secondary data from published sources and examines whether strategy is associated with measurable performance outcomes. The contribution lies in linking the strategy literature to practical decision making.",strategy,regression,Smith (2021); Lee and Wang (2020) on strategy,SUP078,,
s2300328,Ben Campbell,How does retail shape decision making? A network analysis approach,BSc Accounting & Finance,UG-0328,"This dissertation investigates retail in the context of UK firms. Using network analysis, the project collects secondary data from published sources and examines whether retail is associated with measurable performance outcomes. The contribution lies in linking the retail literature to practical decision making.",retail,network analysis,Smith (2021); Lee and Wang (2020) on retail,SUP002,,
s2300329,Maya Ogilvie,Exploring hrm adoption using network analysis,BSc Business Management,UG-0329,"This dissertation investigates hrm in the context of UK firms. Using network analysis, the project collects secondary data from published sources and examines whether hrm is associated with measurable performance outcomes. The contribution lies in linking the hrm literature to practical decision making.",hrm,network analysis,Smith (2021); Lee and Wang (2020) on hrm,,,
s2300330,Maya Xu,Measuring the effect of banking on customer outcomes through network analysis,BSc Business Management,UG-0330,"This dissertation investigates banking in the context of UK firms. Using network analysis, the project collects secondary data from published sources and examines whether banking is associated with measurable performance outcomes. The contribution lies in linking the banking literature to practical decision making.",banking,network analysis,Smith (2021); Lee and Wang (2020) on banking,SUP061,,
s2300331,Ben Campbell,Measuring the effect of healthcare management on customer outcomes through systematic review,BSc Business Management,UG-0331,"This dissertation investigates healthcare management in the context of UK firms. Using systematic review, the project collects secondary data from published sources and examines whether healthcare management is associated with measurable performance outcomes. The contribution lies in linking the healthcare management literature to practical decision making.",healthcare management,systematic review,Smith (2021); Lee and Wang (2020) on healthcare management,,,
s2300332,Vera Kerr,The impact of sustainability practices on firm performance: evidence from text mining,BSc Business Management,UG-0332,"This dissertation investigates sustainability in the context of UK firms. Using text mining, the project collects secondary data from published sources and examines whether sustainability is associated with measurable performance outcomes. The contribution lies in linking the sustainability literature to practical decision making.",sustainability,text mining,Smith (2021); Lee and Wang (2020) on sustainability,,,
s2300333,Maya Stewart,How does finance shape decision making? A optimisation approach,BSc Business Management,UG-0333,"This dissertation investigates finance in the context of UK firms. Using optimisation, the project collects secondary data from published sources and examines whether finance is associated with measurable performance outcomes. The contribution lies in linking the finance literature to practical decision making.",finance,optimisation,Smith (2021); Lee and Wang (2020) on finance,,,
s2300334,Umar Watson,How does healthcare management shape decision making? A simulation approach,BSc Accounting & Finance,UG-0334,"This dissertation investigates healthcare management in the context of UK firms. Using simulation, the project collects secondary data from published sources and examines whether healthcare management is associated with measurable performance outcomes. The contribution lies in linking the healthcare management literature to practical decision making.",healthcare management,simulation,Smith (2021); Lee and Wang (2020) on healthcare management,SUP065,,
s2300335,Chen Grant,banking in the UK context: a text mining study,BSc Accounting & Finance,UG-0335,"This dissertation investigates banking in the context of UK firms. Using text mining, the project collects secondary data from published sources and examines whether banking is associated with measurable performance outcomes. The contribution lies in linking the banking literature to practical decision making.",banking,text mining,Smith (2021); Lee and Wang (2020) on banking,SUP016,,
s2300336,Eve Zhang,How does operations shape decision making? A regression approach,BSc International Business,UG-0336,"This dissertation investigates operations in the context of UK firms. Using regression, the project collects secondary data from published sources and examines whether operations is associated with measurable performance outcomes. The contribution lies in linking the operations literature to practical decision making.",operations,regression,Smith (2021); Lee and Wang (2020) on operations,,,
s2300337,Ben Irvine,Exploring supply chain adoption using econometrics,MA Economics & Business,UG-0337,"This dissertation investigates supply chain in the context of UK firms. Using econometrics, the project collects secondary data from published sources and examines whether supply chain is associated with measurable performance outcomes. The contribution lies in linking the supply chain literature to practical decision making.",supply chain,econometrics,Smith (2021); Lee and Wang (2020) on supply chain,,,
s2300338,Fraser Zhang,Measuring the effect of hrm on customer outcomes through regression,BSc Business Management,UG-0338,"This dissertation investigates hrm in the context of UK firms. Using regression, the project collects secondary data from published sources and examines whether hrm is associated with measurable performance outcomes. The contribution lies in linking the hrm literature to practical decision making.",hrm,regression,Smith (2021); Lee and Wang (2020) on hrm,SUP027,,
s2300339,Pavel Paterson,How does accounting shape decision making? A econometrics approach,BSc Accounting & Finance,UG-0339,"This dissertation investigates accounting in the context of UK firms. Using econometrics, the project collects secondary data from published sources and examines whether accounting is associated with measurable performance outcomes. The contribution lies in linking the accounting literature to practical decision making.",accounting,econometrics,Smith (2021); Lee and Wang (2020) on accounting,,,
s2300340,Xiu Fraser,How does digital economy shape decision making? A survey approach,BSc Business Management,UG-0340,"This dissertation investigates digital economy in the context of UK firms. Using survey, the project collects secondary data from published sources and examines whether digital economy is associated with measurable performance outcomes. The contribution lies in linking the digital economy literature to practical decision making.",digital economy,survey,Smith (2021); Lee and Wang (2020) on digital economy,,,
s2300341,Niall Young,digital economy in the UK context: a optimisation study,BSc Business Management,UG-0341,"This dissertation investigates digital economy in the context of UK firms. Using optimisation, the project collects secondary data from published sources and examines whether digital economy is associated with measurable performance outcomes. The contribution lies in linking the digital economy literature to practical decision making.",digital economy,optimisation,Smith (2021); Lee and Wang (2020) on digital economy,,,
s2300342,Kate Xu,strategy in the UK context: a survey study,BSc International Business,UG-0342,"This dissertation investigates strategy in the context of UK firms. Using survey, the project collects secondary data from published sources and examines whether strategy is associated with measurable performance outcomes. The contribution lies in linking the strategy literature to practical decision making.",strategy,survey,Smith (2021); Lee and Wang (2020) on strategy,SUP042,,
s2300343,Niall Watson,Business topic to be confirmed,BSc International Business,UG-0343,I am still deciding on my topic but I am interested in business.,,,,SUP100,,
s2300344,Vera Campbell,The impact of operations practices on firm performance: evidence from machine learning,MA Economics & Business,UG-0344,"This dissertation investigates operations in the context of UK firms. Using machine learning, the project collects secondary data from published sources and examines whether operations is associated with measurable performance outcomes. The contribution lies in linking the operations literature to practical decision making.",operations,machine learning,Smith (2021); Lee and Wang (2020) on operations,,,
s2300345,Ben Vance,Exploring sustainability adoption using econometrics,BSc International Business,UG-0345,"This dissertation investigates sustainability in the context of UK firms. Using econometrics, the project collects secondary data from published sources and examines whether sustainability is associated with measurable performance outcomes. The contribution lies in linking the sustainability literature to practical decision making.",sustainability,econometrics,Smith (2021); Lee and Wang (2020) on sustainability,,,
s2300346,Will Paterson,supply chain in the UK context: a experiment study,MA Economics & Business,UG-0346,"This dissertation investigates supply chain in the context of UK firms. Using experiment, the project collects secondary data from published sources and examines whether supply chain is associated with measurable performance outcomes. The contribution lies in linking the supply chain literature to practical decision making.",supply chain,experiment,Smith (2021); Lee and Wang (2020) on supply chain,,,
s2300347,Yara Evans,Exploring consumer behaviour adoption using machine learning,BSc Business Management,UG-0347,"This dissertation investigates consumer behaviour in the context of UK firms. Using machine learning, the project collects secondary data from published sources and examines whether consumer behaviour is associated with measurable performance outcomes. The contribution lies in linking the consumer behaviour literature to practical decision making.",consumer behaviour,machine learning,Smith (2021); Lee and Wang (2020) on consumer behaviour,,,
s2300348,Maya Evans,The impact of strategy practices on firm performance: evidence from experiment,BSc Business Management,UG-0348,"This dissertation investigates strategy in the context of UK firms. Using experiment, the project collects secondary data from published sources and examines whether strategy is associated with measurable performance outcomes. The contribution lies in linking the strategy literature to practical decision making.",strategy,experiment,Smith (2021); Lee and Wang (2020) on strategy,,,
s2300349,Maya Brown,The impact of marketing analytics practices on firm performance: evidence from simulation,BSc Business Management,UG-0349,"This dissertation investigates marketing analytics in the context of UK firms. Using simulation, the project collects secondary data from published sources and examines whether marketing analytics is associated with measurable performance outcomes. The contribution lies in linking the marketing analytics literature to practical decision making.",marketing analytics,simulation,Smith (2021); Lee and Wang (2020) on marketing analytics,,,
s2300350,Isla Ross,Exploring healthcare management adoption using interview,BSc Business Management,UG-0350,"This dissertation investigates healthcare management in the context of UK firms. Using interview, the project collects secondary data from published sources and examines whether healthcare management is associated with measurable performance outcomes. The contribution lies in linking the healthcare management literature to practical decision making.",healthcare management,interview,Smith (2021); Lee and Wang (2020) on healthcare management,,,
s2300351,Umar Young,strategy in the UK context: a optimisation study,BSc Accounting & Finance,UG-0351,"This dissertation investigates strategy in the context of UK firms. Using optimisation, the project collects secondary data from published sources and examines whether strategy is associated with measurable performance outcomes. The contribution lies in linking the strategy literature to practical decision making.",strategy,optimisation,Smith (2021); Lee and Wang (2020) on strategy,,,
s2300352,Vera Nolan,Measuring the effect of digital economy on customer outcomes through econometrics,BSc Business Management,UG-0352,"This dissertation investigates digital economy in the context of UK firms. Using econometrics, the project collects secondary data from published sources and examines whether digital economy is associated with measurable performance outcomes. The contribution lies in linking the digital economy literature to practical decision making.",digital economy,econometrics,Smith (2021); Lee and Wang (2020) on digital economy,,,
s2300353,Chen Evans,How does sustainability shape decision making? A optimisation approach,BSc Accounting & Finance,UG-0353,"This dissertation investigates sustainability in the context of UK firms. Using optimisation, the project collects secondary data from published sources and examines whether sustainability is associated with measurable performance outcomes. The contribution lies in linking the sustainability literature to practical decision making.",sustainability,optimisation,Smith (2021); Lee and Wang (2020) on sustainability,,,
s2300354,Yara Paterson,How does sustainability shape decision making? A experiment approach,BSc International Business,UG-0354,"This dissertation investigates sustainability in the context of UK firms. Using experiment, the project collects secondary data from published sources and examines whether sustainability is associated with measurable performance outcomes. The contribution lies in linking the sustainability literature to practical decision making.",sustainability,experiment,Smith (2021); Lee and Wang (2020) on sustainability,,,
s2300355,Will Jones,finance in the UK context: a network analysis study,BSc Business Management,UG-0355,"This dissertation investigates finance in the context of UK firms. Using network analysis, the project collects secondary data from published sources and examines whether finance is associated with measurable performance outcomes. The contribution lies in linking the finance literature to practical decision making.",finance,network analysis,Smith (2021); Lee and Wang (2020) on finance,,,
s2300356,Jian Fraser,The impact of consumer behaviour practices on firm performance: evidence from regression,BSc Accounting & Finance,UG-0356,"This dissertation investigates consumer behaviour in the context of UK firms. Using regression, the project collects secondary data from published sources and examines whether consumer behaviour is associated with measurable performance outcomes. The contribution lies in linking the consumer behaviour literature to practical decision making.",consumer behaviour,regression,Smith (2021); Lee and Wang (2020) on consumer behaviour,,,
s2300357,Niall Young,The impact of finance practices on firm performance: evidence from simulation,BSc Business Management,UG-0357,"This dissertation investigates finance in the context of UK firms. Using simulation, the project collects secondary data from published sources and examines whether finance is associated with measurable performance outcomes. The contribution lies in linking the finance literature to practical decision making.",finance,simulation,Smith (2021); Lee and Wang (2020) on finance,,,
s2300358,Vera Urquhart,Measuring the effect of supply chain on customer outcomes through experiment,BSc Business Management,UG-0358,"This dissertation investigates supply chain in the context of UK firms. Using experiment, the project collects secondary data from published sources and examines whether supply chain is associated with measurable performance outcomes. The contribution lies in linking the supply chain literature to practical decision making.",supply chain,experiment,Smith (2021); Lee and Wang (2020) on supply chain,SUP086,,
s2300359,Eve Kerr,The impact of sustainability practices on firm performance: evidence from case study,BSc International Business,UG-0359,"This dissertation investigates sustainability in the context of UK firms. Using case study, the project collects secondary data from published sources and examines whether sustainability is associated with measurable performance outcomes. The contribution lies in linking the sustainability literature to practical decision making.",sustainability,case study,Smith (2021); Lee and Wang (2020) on sustainability,,,
s2300360,Will Zhang,supply chain in the UK context: a systematic review study,BSc Accounting & Finance,UG-0360,"This dissertation investigates supply chain in the context of UK firms. Using systematic review, the project collects secondary data from published sources and examines whether supply chain is associated with measurable performance outcomes. The contribution lies in linking the supply chain literature to practical decision making.",supply chain,systematic review,Smith (2021); Lee and Wang (2020) on supply chain,SUP080,,
s2300361,Maya Quinn,Business topic to be confirmed,BSc Business Management,UG-0361,I am still deciding on my topic but I am interested in business.,,,,,,
s2300362,Vera Vance,The impact of strategy practices on firm performance: evidence from survey,BSc Business Management,UG-0362,"This dissertation investigates strategy in the context of UK firms. Using survey, the project collects secondary data from published sources and examines whether strategy is associated with measurable performance outcomes. The contribution lies in linking the strategy literature to practical decision making.",strategy,survey,Smith (2021); Lee and Wang (2020) on strategy,,,
s2300363,Umar Quinn,Measuring the effect of entrepreneurship on customer outcomes through systematic review,BSc International Business,UG-0363,"This dissertation investigates entrepreneurship in the context of UK firms. Using systematic review, the project collects secondary data from published sources and examines whether entrepreneurship is associated with measurable performance outcomes. The contribution lies in linking the entrepreneurship literature to practical decision making.",entrepreneurship,systematic review,Smith (2021); Lee and Wang (2020) on entrepreneurship,,,
s2300364,Dara Stewart,How does banking shape decision making? A network analysis approach,BSc Business Management,UG-0364,"This dissertation investigates banking in the context of UK firms. Using network analysis, the project collects secondary data from published sources and examines whether banking is associated with measurable performance outcomes. The contribution lies in linking the banking literature to practical decision making.",banking,network analysis,Smith (2021); Lee and Wang (2020) on banking,,,
s2300365,Xiu Ogilvie,Measuring the effect of finance on customer outcomes through econometrics,BSc Business Management,UG-0365,"This dissertation investigates finance in the context of UK firms. Using econometrics, the project collects secondary data from published sources and examines whether finance is associated with measurable performance outcomes. The contribution lies in linking the finance literature to practical decision making.",finance,econometrics,Smith (2021); Lee and Wang (2020) on finance,SUP023,,
s2300366,Umar Quinn,How does finance shape decision making? A interview approach,BSc Business Management,UG-0366,"This dissertation investigates finance in the context of UK firms. Using interview, the project collects secondary data from published sources and examines whether finance is associated with measurable performance outcomes. The contribution lies in linking the finance literature to practical decision making.",finance,interview,Smith (2021); Lee and Wang (2020) on finance,SUP098,,
s2300367,Yara Vance,How does retail shape decision making? A network analysis approach,BSc Business Management,UG-0367,"This dissertation investigates retail in the context of UK firms. Using network analysis, the project collects secondary data from published sources and examines whether retail is associated with measurable performance outcomes. The contribution lies in linking the retail literature to practical decision making.",retail,network analysis,Smith (2021); Lee and Wang (2020) on retail,,,
s2300368,Qi Nolan,The impact of entrepreneurship practices on firm performance: evidence from case study,BSc International Business,UG-0368,"This dissertation investigates entrepreneurship in the context of UK firms. Using case study, the project collects secondary data from published sources and examines whether entrepreneurship is associated with measurable performance outcomes. The contribution lies in linking the entrepreneurship literature to practical decision making.",entrepreneurship,case study,Smith (2021); Lee and Wang (2020) on entrepreneurship,,,
s2300369,Dara Jones,How does sustainability shape decision making? A case study approach,BSc Business Management,UG-0369,"This dissertation investigates sustainability in the context of UK firms. Using case study, the project collects secondary data from published sources and examines whether sustainability is associated with measurable performance outcomes. The contribution lies in linking the sustainability literature to practical decision making.",sustainability,case study,Smith (2021); Lee and Wang (2020) on sustainability,,,
s2300370,Niall Nolan,How does supply chain shape decision making? A optimisation approach,MA Economics & Business,UG-0370,"This dissertation investigates supply chain in the context of UK firms. Using optimisation, the project collects secondary data from published sources and examines whether supply chain is associated with measurable performance outcomes. The contribution lies in linking the supply chain literature to practical decision making.",supply chain,optimisation,Smith (2021); Lee and Wang (2020) on supply chain,SUP014,,
s2300371,Jian Lewis,The impact of accounting practices on firm performance: evidence from network analysis,BSc Business Management,UG-0371,"This dissertation investigates accounting in the context of UK firms. Using network analysis, the project collects secondary data from published sources and examines whether accounting is associated with measurable performance outcomes. The contribution lies in linking the accounting literature to practical decision making.",accounting,network analysis,Smith (2021); Lee and Wang (2020) on accounting,,,
s2300372,Grace MacLeod,The impact of retail practices on firm performance: evidence from optimisation,BSc Business Management,UG-0372,"This dissertation investigates retail in the context of UK firms. Using optimisation, the project collects secondary data from published sources and examines whether retail is associated with measurable performance outcomes. The contribution lies in linking the retail literature to practical decision making.",retail,optimisation,Smith (2021); Lee and Wang (2020) on retail,,,
s2300373,Hamid Zhang,The impact of entrepreneurship practices on firm performance: evidence from optimisation,BSc Accounting & Finance,UG-0373,"This dissertation investigates entrepreneurship in the context of UK firms. Using optimisation, the project collects secondary data from published sources and examines whether entrepreneurship is associated with measurable performance outcomes. The contribution lies in linking the entrepreneurship literature to practical decision making.",entrepreneurship,optimisation,Smith (2021); Lee and Wang (2020) on entrepreneurship,,,
s2300374,Vera Quinn,Business topic to be confirmed,BSc Business Management,UG-0374,I am still deciding on my topic but I am interested in business.,,,,,,
s2300375,Rhona Paterson,How does operations shape decision making? A text mining approach,BSc Business Management,UG-0375,"This dissertation investigates operations in the context of UK firms. Using text mining, the project collects secondary data from published sources and examines whether operations is associated with measurable performance outcomes. The contribution lies in linking the operations literature to practical decision making.",operations,text mining,Smith (2021); Lee and Wang (2020) on operations,SUP042,,
s2300376,Chen Zhang,How does strategy shape decision making? A econometrics approach,BSc Business Management,UG-0376,"This dissertation investigates strategy in the context of UK firms. Using econometrics, the project collects secondary data from published sources and examines whether strategy is associated with measurable performance outcomes. The contribution lies in linking the strategy literature to practical decision making.",strategy,econometrics,Smith (2021); Lee and Wang (2020) on strategy,,,
s2300377,Tara Jones,supply chain in the UK context: a case study study,BSc Business Management,UG-0377,"This dissertation investigates supply chain in the context of UK firms. Using case study, the project collects secondary data from published sources and examines whether supply chain is associated with measurable performance outcomes. The contribution lies in linking the supply chain literature to practical decision making.",supply chain,case study,Smith (2021); Lee and Wang (2020) on supply chain,,,
s2300378,Yara Douglas,The impact of marketing analytics practices on firm performance: evidence from text mining,BSc Business Management,UG-0378,"This dissertation investigates marketing analytics in the context of UK firms. Using text mining, the project collects secondary data from published sources and examines whether marketing analytics is associated with measurable performance outcomes. The contribution lies in linking the marketing analytics literature to practical decision making.",marketing analytics,text mining,Smith (2021); Lee and Wang (2020) on marketing analytics,SUP100,,
s2300379,Sam Fraser,How does consumer behaviour shape decision making? A network analysis approach,BSc Business Management,UG-0379,"This dissertation investigates consumer behaviour in the context of UK firms. Using network analysis, the project collects secondary data from published sources and examines whether consumer behaviour is associated with measurable performance outcomes. The contribution lies in linking the consumer behaviour literature to practical decision making.",consumer behaviour,network analysis,Smith (2021); Lee and Wang (2020) on consumer behaviour,,,
s2300380,Isla Fraser,supply chain in the UK context: a network analysis study,MA Economics & Business,UG-0380,"This dissertation investigates supply chain in the context of UK firms. Using network analysis, the project collects secondary data from published sources and examines whether supply chain is associated with measurable performance outcomes. The contribution lies in linking the supply chain literature to practical decision making.",supply chain,network analysis,Smith (2021); Lee and Wang (2020) on supply chain,,,
s2300381,Umar Quinn,Measuring the effect of healthcare management on customer outcomes through experiment,BSc Business Management,UG-0381,"This dissertation investigates healthcare management in the context of UK firms. Using experiment, the project collects secondary data from published sources and examines whether healthcare management is associated with measurable performance outcomes. The contribution lies in linking the healthcare management literature to practical decision making.",healthcare management,experiment,Smith (2021); Lee and Wang (2020) on healthcare management,,,
s2300382,Xiu Jones,operations in the UK context: a text mining study,BSc Business Management,UG-0382,"This dissertation investigates operations in the context of UK firms. Using text mining, the project collects secondary data from published sources and examines whether operations is associated with measurable performance outcomes. The contribution lies in linking the operations literature to practical decision making.",operations,text mining,Smith (2021); Lee and Wang (2020) on operations,,,
s2300383,Vera Ross,hrm in the UK context: a systematic review study,BSc Accounting & Finance,UG-0383,"This dissertation investigates hrm in the context of UK firms. Using systematic review, the project collects secondary data from published sources and examines whether hrm is associated with measurable performance outcomes. The contribution lies in linking the hrm literature to practical decision making.",hrm,systematic review,Smith (2021); Lee and Wang (2020) on hrm,,,
s2300384,Alice MacLeod,Exploring banking adoption using survey,BSc International Business,UG-0384,"This dissertation investigates banking in the context of UK firms. Using survey, the project collects secondary data from published sources and examines whether banking is associated with measurable performance outcomes. The contribution lies in linking the banking literature to practical decision making.",banking,survey,Smith (2021); Lee and Wang (2020) on banking,SUP084,,
s2300385,Jian Xu,Measuring the effect of entrepreneurship on customer outcomes through regression,BSc Business Management,UG-0385,"This dissertation investigates entrepreneurship in the context of UK firms. Using regression, the project collects secondary data from published sources and examines whether entrepreneurship is associated with measurable performance outcomes. The contribution lies in linking the entrepreneurship literature to practical decision making.",entrepreneurship,regression,Smith (2021); Lee and Wang (2020) on entrepreneurship,,,
s2300386,Dara MacLeod,How does consumer behaviour shape decision making? A experiment approach,BSc Business Management,UG-0386,"This dissertation investigates consumer behaviour in the context of UK firms. Using experiment, the project collects secondary data from published sources and examines whether consumer behaviour is associated with measurable performance outcomes. The contribution lies in linking the consumer behaviour literature to practical decision making.",consumer behaviour,experiment,Smith (2021); Lee and Wang (2020) on consumer behaviour,,,
s2300387,Vera Jones,Measuring the effect of logistics on customer outcomes through interview,BSc International Business,UG-0387,"This dissertation investigates logistics in the context of UK firms. Using interview, the project collects secondary data from published sources and examines whether logistics is associated with measurable performance outcomes. The contribution lies in linking the logistics literature to practical decision making.",logistics,interview,Smith (2021); Lee and Wang (2020) on logistics,,,
s2300388,Xiu Ogilvie,The impact of finance practices on firm performance: evidence from machine learning,BSc International Business,UG-0388,"This dissertation investigates finance in the context of UK firms. Using machine learning, the project collects secondary data from published sources and examines whether finance is associated with measurable performance outcomes. The contribution lies in linking the finance literature to practical decision making.",finance,machine learning,Smith (2021); Lee and Wang (2020) on finance,,,
s2300389,Isla Ross,How does banking shape decision making? A simulation approach,BSc Accounting & Finance,UG-0389,"This dissertation investigates banking in the context of UK firms. Using simulation, the project collects secondary data from published sources and examines whether banking is associated with measurable performance outcomes. The contribution lies in linking the banking literature to practical decision making.",banking,simulation,Smith (2021); Lee and Wang (2020) on banking,SUP063,,
s2300390,Xiu Stewart,accounting in the UK context: a experiment study,BSc Business Management,UG-0390,"This dissertation investigates accounting in the context of UK firms. Using experiment, the project collects secondary data from published sources and examines whether accounting is associated with measurable performance outcomes. The contribution lies in linking the accounting literature to practical decision making.",accounting,experiment,Smith (2021); Lee and Wang (2020) on accounting,,,
s2300391,Grace Vance,How does marketing analytics shape decision making? A survey approach,BSc Business Management,UG-0391,"This dissertation investigates marketing analytics in the context of UK firms. Using survey, the project collects secondary data from published sources and examines whether marketing analytics is associated with measurable performance outcomes. The contribution lies in linking the marketing analytics literature to practical decision making.",marketing analytics,survey,Smith (2021); Lee and Wang (2020) on marketing analytics,,,
s2300392,Tara Hughes,Measuring the effect of logistics on customer outcomes through experiment,BSc International Business,UG-0392,"This dissertation investigates logistics in the context of UK firms. Using experiment, the project collects secondary data from published sources and examines whether logistics is associated with measurable performance outcomes. The contribution lies in linking the logistics literature to practical decision making.",logistics,experiment,Smith (2021); Lee and Wang (2020) on logistics,,,
s2300393,Xiu Urquhart,The impact of healthcare management practices on firm performance: evidence from network analysis,BSc International Business,UG-0393,"This dissertation investigates healthcare management in the context of UK firms. Using network analysis, the project collects secondary data from published sources and examines whether healthcare management is associated with measurable performance outcomes. The contribution lies in linking the healthcare management literature to practical decision making.",healthcare management,network analysis,Smith (2021); Lee and Wang (2020) on healthcare management,,,
s2300394,Zoe Grant,Measuring the effect of entrepreneurship on customer outcomes through regression,BSc International Business,UG-0394,"This dissertation investigates entrepreneurship in the context of UK firms. Using regression, the project collects secondary data from published sources and examines whether entrepreneurship is associated with measurable performance outcomes. The contribution lies in linking the entrepreneurship literature to practical decision making.",entrepreneurship,regression,Smith (2021); Lee and Wang (2020) on entrepreneurship,,,
s2300395,Fraser Kerr,operations in the UK context: a survey study,BSc International Business,UG-0395,"This dissertation investigates operations in the context of UK firms. Using survey, the project collects secondary data from published sources and examines whether operations is associated with measurable performance outcomes. The contribution lies in linking the operations literature to practical decision making.",operations,survey,Smith (2021); Lee and Wang (2020) on operations,SUP061,,
s2300396,Rhona Kerr,Measuring the effect of digital economy on customer outcomes through machine learning,BSc Business Management,UG-0396,"This dissertation investigates digital economy in the context of UK firms. Using machine learning, the project collects secondary data from published sources and examines whether digital economy is associated with measurable performance outcomes. The contribution lies in linking the digital economy literature to practical decision making.",digital economy,machine learning,Smith (2021); Lee and Wang (2020) on digital economy,SUP042,,
s2300397,Kate Xu,Exploring logistics adoption using survey,BSc Business Management,UG-0397,"This dissertation investigates logistics in the context of UK firms. Using survey, the project collects secondary data from published sources and examines whether logistics is associated with measurable performance outcomes. The contribution lies in linking the logistics literature to practical decision making.",logistics,survey,Smith (2021); Lee and Wang (2020) on logistics,,,
s2300398,Maya Ogilvie,operations in the UK context: a simulation study,BSc International Business,UG-0398,"This dissertation investigates operations in the context of UK firms. Using simulation, the project collects secondary data from published sources and examines whether operations is associated with measurable performance outcomes. The contribution lies in linking the operations literature to practical decision making.",operations,simulation,Smith (2021); Lee and Wang (2020) on operations,,,
s2300399,Fraser Nolan,The impact of accounting practices on firm performance: evidence from survey,BSc Accounting & Finance,UG-0399,"This dissertation investigates accounting in the context of UK firms. Using survey, the project collects secondary data from published sources and examines whether accounting is associated with measurable performance outcomes. The contribution lies in linking the accounting literature to practical decision making.",accounting,survey,Smith (2021); Lee and Wang (2020) on accounting,,,
s2300400,Tara Ross,Measuring the effect of accounting on customer outcomes through text mining,BSc Accounting & Finance,UG-0400,"This dissertation investigates accounting in the context of UK firms. Using text mining, the project collects secondary data from published sources and examines whether accounting is associated with measurable performance outcomes. The contribution lies in linking the accounting literature to practical decision making.",accounting,text mining,Smith (2021); Lee and Wang (2020) on accounting,,,
s2300401,Rhona Hughes,Exploring consumer behaviour adoption using econometrics,BSc Accounting & Finance,UG-0401,"This dissertation investigates consumer behaviour in the context of UK firms. Using econometrics, the project collects secondary data from published sources and examines whether consumer behaviour is associated with measurable performance outcomes. The contribution lies in linking the consumer behaviour literature to practical decision making.",consumer behaviour,econometrics,Smith (2021); Lee and Wang (2020) on consumer behaviour,SUP079,,
s2300402,Maya Nolan,The impact of digital economy practices on firm performance: evidence from text mining,BSc Business Management,UG-0402,"This dissertation investigates digital economy in the context of UK firms. Using text mining, the project collects secondary data from published sources and examines whether digital economy is associated with measurable performance outcomes. The contribution lies in linking the digital economy literature to practical decision making.",digital economy,text mining,Smith (2021); Lee and Wang (2020) on digital economy,,,
s2300403,Will MacLeod,Measuring the effect of retail on customer outcomes through regression,BSc Business Management,UG-0403,"This dissertation investigates retail in the context of UK firms. Using regression, the project collects secondary data from published sources and examines whether retail is associated with measurable performance outcomes. The contribution lies in linking the retail literature to practical decision making.",retail,regression,Smith (2021); Lee and Wang (2020) on retail,SUP086,,
s2300404,Alice Young,Measuring the effect of healthcare management on customer outcomes through interview,BSc Accounting & Finance,UG-0404,"This dissertation investigates healthcare management in the context of UK firms. Using interview, the project collects secondary data from published sources and examines whether healthcare management is associated with measurable performance outcomes. The contribution lies in linking the healthcare management literature to practical decision making.",healthcare management,interview,Smith (2021); Lee and Wang (2020) on healthcare management,,,
s2300405,Sam Vance,strategy in the UK context: a interview study,BSc Accounting & Finance,UG-0405,"This dissertation investigates strategy in the context of UK firms. Using interview, the project collects secondary data from published sources and examines whether strategy is associated with measurable performance outcomes. The contribution lies in linking the strategy literature to practical decision making.",strategy,interview,Smith (2021); Lee and Wang (2020) on strategy,,,
s2300406,Xiu Jones,The impact of strategy practices on firm performance: evidence from interview,BSc International Business,UG-0406,"This dissertation investigates strategy in the context of UK firms. Using interview, the project collects secondary data from published sources and examines whether strategy is associated with measurable performance outcomes. The contribution lies in linking the strategy literature to practical decision making.",strategy,interview,Smith (2021); Lee and Wang (2020) on strategy,,,
s2300407,Hamid Grant,Measuring the effect of healthcare management on customer outcomes through systematic review,MA Economics & Business,UG-0407,"This dissertation investigates healthcare management in the context of UK firms. Using systematic review, the project collects secondary data from published sources and examines whether healthcare management is associated with measurable performance outcomes. The contribution lies in linking the healthcare management literature to practical decision making.",healthcare management,systematic review,Smith (2021); Lee and Wang (2020) on healthcare management,,,
s2300408,Fraser Nolan,Measuring the effect of logistics on customer outcomes through systematic review,BSc International Business,UG-0408,"This dissertation investigates logistics in the context of UK firms. Using systematic review, the project collects secondary data from published sources and examines whether logistics is associated with measurable performance outcomes. The contribution lies in linking the logistics literature to practical decision making.",logistics,systematic review,Smith (2021); Lee and Wang (2020) on logistics,SUP045,,
s2300409,Niall Grant,How does hrm shape decision making? A interview approach,BSc Business Management,UG-0409,"This dissertation investigates hrm in the context of UK firms. Using interview, the project collects secondary data from published sources and examines whether hrm is associated with measurable performance outcomes. The contribution lies in linking the hrm literature to practical decision making.",hrm,interview,Smith (2021); Lee and Wang (2020) on hrm,,,
s2300410,Vera Urquhart,How does banking shape decision making? A machine learning approach,BSc Business Management,UG-0410,"This dissertation investigates banking in the context of UK firms. Using machine learning, the project collects secondary data from published sources and examines whether banking is associated with measurable performance outcomes. The contribution lies in linking the banking literature to practical decision making.",banking,machine learning,Smith (2021); Lee and Wang (2020) on banking,,,
s2300411,Xiu Stewart,Business topic to be confirmed,MA Economics & Business,UG-0411,I am still deciding on my topic but I am interested in business.,,,,,,
s2300412,Isla Paterson,consumer behaviour in the UK context: a regression study,BSc Business Management,UG-0412,"This dissertation investigates consumer behaviour in the context of UK firms. Using regression, the project collects secondary data from published sources and examines whether consumer behaviour is associated with measurable performance outcomes. The contribution lies in linking the consumer behaviour literature to practical decision making.",consumer behaviour,regression,Smith (2021); Lee and Wang (2020) on consumer behaviour,SUP006,,
s2300413,Sam Zhang,The impact of accounting practices on firm performance: evidence from optimisation,BSc International Business,UG-0413,"This dissertation investigates accounting in the context of UK firms. Using optimisation, the project collects secondary data from published sources and examines whether accounting is associated with measurable performance outcomes. The contribution lies in linking the accounting literature to practical decision making.",accounting,optimisation,Smith (2021); Lee and Wang (2020) on accounting,,,
s2300414,Will Jones,hrm in the UK context: a machine learning study,BSc Business Management,UG-0414,"This dissertation investigates hrm in the context of UK firms. Using machine learning, the project collects secondary data from published sources and examines whether hrm is associated with measurable performance outcomes. The contribution lies in linking the hrm literature to practical decision making.",hrm,machine learning,Smith (2021); Lee and Wang (2020) on hrm,SUP084,,
s2300415,Zoe Anderson,Measuring the effect of digital economy on customer outcomes through machine learning,BSc Accounting & Finance,UG-0415,"This dissertation investigates digital economy in the context of UK firms. Using machine learning, the project collects secondary data from published sources and examines whether digital economy is associated with measurable performance outcomes. The contribution lies in linking the digital economy literature to practical decision making.",digital economy,machine learning,Smith (2021); Lee and Wang (2020) on digital economy,,,
s2300416,Vera Ogilvie,Measuring the effect of marketing analytics on customer outcomes through interview,BSc Accounting & Finance,UG-0416,"This dissertation investigates marketing analytics in the context of UK firms. Using interview, the project collects secondary data from published sources and examines whether marketing analytics is associated with measurable performance outcomes. The contribution lies in linking the marketing analytics literature to practical decision making.",marketing analytics,interview,Smith (2021); Lee and Wang (2020) on marketing analytics,,,
s2300417,Niall Ross,sustainability in the UK context: a network analysis study,BSc International Business,UG-0417,"This dissertation investigates sustainability in the context of UK firms. Using network analysis, the project collects secondary data from published sources and examines whether sustainability is associated with measurable performance outcomes. The contribution lies in linking the sustainability literature to practical decision making.",sustainability,network analysis,Smith (2021); Lee and Wang (2020) on sustainability,,,
s2300418,Xiu Paterson,How does accounting shape decision making? A experiment approach,BSc International Business,UG-0418,"This dissertation investigates accounting in the context of UK firms. Using experiment, the project collects secondary data from published sources and examines whether accounting is associated with measurable performance outcomes. The contribution lies in linking the accounting literature to practical decision making.",accounting,experiment,Smith (2021); Lee and Wang (2020) on accounting,SUP063,,
s2300419,Liam Brown,Measuring the effect of retail on customer outcomes through interview,BSc Business Management,UG-0419,"This dissertation investigates retail in the context of UK firms. Using interview, the project collects secondary data from published sources and examines whether retail is associated with measurable performance outcomes. The contribution lies in linking the retail literature to practical decision making.",retail,interview,Smith (2021); Lee and Wang (2020) on retail,,,
s2300420,Fraser Xu,The impact of consumer behaviour practices on firm performance: evidence from econometrics,BSc Accounting & Finance,UG-0420,"This dissertation investigates consumer behaviour in the context of UK firms. Using econometrics, the project collects secondary data from published sources and examines whether consumer behaviour is associated with measurable performance outcomes. The contribution lies in linking the consumer behaviour literature to practical decision making.",consumer behaviour,econometrics,Smith (2021); Lee and Wang (2020) on consumer behaviour,,,
s2300421,Jian Ogilvie,supply chain in the UK context: a case study study,BSc Accounting & Finance,UG-0421,"This dissertation investigates supply chain in the context of UK firms. Using case study, the project collects secondary data from published sources and examines whether supply chain is associated with measurable performance outcomes. The contribution lies in linking the supply chain literature to practical decision making.",supply chain,case study,Smith (2021); Lee and Wang (2020) on supply chain,,,
s2300422,Umar Campbell,The impact of accounting practices on firm performance: evidence from econometrics,BSc Business Management,UG-0422,"This dissertation investigates accounting in the context of UK firms. Using econometrics, the project collects secondary data from published sources and examines whether accounting is associated with measurable performance outcomes. The contribution lies in linking the accounting literature to practical decision making.",accounting,econometrics,Smith (2021); Lee and Wang (2020) on accounting,,,
s2300423,Fraser Grant,Exploring entrepreneurship adoption using optimisation,BSc International Business,UG-0423,"This dissertation investigates entrepreneurship in the context of UK firms. Using optimisation, the project collects secondary data from published sources and examines whether entrepreneurship is associated with measurable performance outcomes. The contribution lies in linking the entrepreneurship literature to practical decision making.",entrepreneurship,optimisation,Smith (2021); Lee and Wang (2020) on entrepreneurship,,,
s2300424,Olga Vance,Exploring hrm adoption using systematic review,BSc Accounting & Finance,UG-0424,"This dissertation investigates hrm in the context of UK firms. Using systematic review, the project collects secondary data from published sources and examines whether hrm is associated with measurable performance outcomes. The contribution lies in linking the hrm literature to practical decision making.",hrm,systematic review,Smith (2021); Lee and Wang (2020) on hrm,,,
s2300425,Zoe Campbell,operations in the UK context: a machine learning study,MA Economics & Business,UG-0425,"This dissertation investigates operations in the context of UK firms. Using machine learning, the project collects secondary data from published sources and examines whether operations is associated with measurable performance outcomes. The contribution lies in linking the operations literature to practical decision making.",operations,machine learning,Smith (2021); Lee and Wang (2020) on operations,,,
s2300426,Tara Urquhart,How does healthcare management shape decision making? A simulation approach,BSc Business Management,UG-0426,"This dissertation investigates healthcare management in the context of UK firms. Using simulation, the project collects secondary data from published sources and examines whether healthcare management is associated with measurable performance outcomes. The contribution lies in linking the healthcare management literature to practical decision making.",healthcare management,simulation,Smith (2021); Lee and Wang (2020) on healthcare management,,,
s2300427,Ben Paterson,The impact of retail practices on firm performance: evidence from case study,BSc Accounting & Finance,UG-0427,"This dissertation investigates retail in the context of UK firms. Using case study, the project collects secondary data from published sources and examines whether retail is associated with measurable performance outcomes. The contribution lies in linking the retail literature to practical decision making.",retail,case study,Smith (2021); Lee and Wang (2020) on retail,SUP069,,
s2300428,Tara Xu,The impact of consumer behaviour practices on firm performance: evidence from interview,BSc Business Management,UG-0428,"This dissertation investigates consumer behaviour in the context of UK firms. Using interview, the project collects secondary data from published sources and examines whether consumer behaviour is associated with measurable performance outcomes. The contribution lies in linking the consumer behaviour literature to practical decision making.",consumer behaviour,interview,Smith (2021); Lee and Wang (2020) on consumer behaviour,SUP021,,
s2300429,Sam Lewis,Business topic to be confirmed,BSc Accounting & Finance,UG-0429,I am still deciding on my topic but I am interested in business.,,,,,,
s2300430,Hamid Grant,supply chain in the UK context: a interview study,BSc Accounting & Finance,UG-0430,"This dissertation investigates supply chain in the context of UK firms. Using interview, the project collects secondary data from published sources and examines whether supply chain is associated with measurable performance outcomes. The contribution lies in linking the supply chain literature to practical decision making.",supply chain,interview,Smith (2021); Lee and Wang (2020) on supply chain,,,
s2300431,Pavel Brown,Measuring the effect of digital economy on customer outcomes through optimisation,BSc Accounting & Finance,UG-0431,"This dissertation investigates digital economy in the context of UK firms. Using optimisation, the project collects secondary data from published sources and examines whether digital economy is associated with measurable performance outcomes. The contribution lies in linking the digital economy literature to practical decision making.",digital economy,optimisation,Smith (2021); Lee and Wang (2020) on digital economy,,,
s2300432,Tara Grant,How does retail shape decision making? A systematic review approach,BSc Business Management,UG-0432,"This dissertation investigates retail in the context of UK firms. Using systematic review, the project collects secondary data from published sources and examines whether retail is associated with measurable performance outcomes. The contribution lies in linking the retail literature to practical decision making.",retail,systematic review,Smith (2021); Lee and Wang (2020) on retail,,,
s2300433,Will Lewis,accounting in the UK context: a text mining study,BSc Accounting & Finance,UG-0433,"This dissertation investigates accounting in the context of UK firms. Using text mining, the project collects secondary data from published sources and examines whether accounting is associated with measurable performance outcomes. The contribution lies in linking the accounting literature to practical decision making.",accounting,text mining,Smith (2021); Lee and Wang (2020) on accounting,,,
s2300434,Rhona Young,Exploring banking adoption using experiment,BSc Business Management,UG-0434,"This dissertation investigates banking in the context of UK firms. Using experiment, the project collects secondary data from published sources and examines whether banking is associated with measurable performance outcomes. The contribution lies in linking the banking literature to practical decision making.",banking,experiment,Smith (2021); Lee and Wang (2020) on banking,,,
s2300435,Eve Urquhart,Business topic to be confirmed,BSc International Business,UG-0435,I am still deciding on my topic but I am interested in business.,,,,,,
s2300436,Tara Fraser,How does hrm shape decision making? A survey approach,BSc Accounting & Finance,UG-0436,"This dissertation investigates hrm in the context of UK firms. Using survey, the project collects secondary data from published sources and examines whether hrm is associated with measurable performance outcomes. The contribution lies in linking the hrm literature to practical decision making.",hrm,survey,Smith (2021); Lee and Wang (2020) on hrm,SUP063,,
s2300437,Sam Jones,Exploring hrm adoption using regression,BSc Accounting & Finance,UG-0437,"This dissertation investigates hrm in the context of UK firms. Using regression, the project collects secondary data from published sources and examines whether hrm is associated with measurable performance outcomes. The contribution lies in linking the hrm literature to practical decision making.",hrm,regression,Smith (2021); Lee and Wang (2020) on hrm,,,
s2300438,Vera Nolan,Exploring finance adoption using optimisation,BSc Business Management,UG-0438,"This dissertation investigates finance in the context of UK firms. Using optimisation, the project collects secondary data from published sources and examines whether finance is associated with measurable performance outcomes. The contribution lies in linking the finance literature to practical decision making.",finance,optimisation,Smith (2021); Lee and Wang (2020) on finance,,,
s2300439,Fraser Taylor,The impact of banking practices on firm performance: evidence from case study,BSc Business Management,UG-0439,"This dissertation investigates banking in the context of UK firms. Using case study, the project collects secondary data from published sources and examines whether banking is associated with measurable performance outcomes. The contribution lies in linking the banking literature to practical decision making.",banking,case study,Smith (2021); Lee and Wang (2020) on banking,,,
s2300440,Niall Nolan,The impact of banking practices on firm performance: evidence from text mining,MA Economics & Business,UG-0440,"This dissertation investigates banking in the context of UK firms. Using text mining, the project collects secondary data from published sources and examines whether banking is associated with measurable performance outcomes. The contribution lies in linking the banking literature to practical decision making.",banking,text mining,Smith (2021); Lee and Wang (2020) on banking,,,
s2300441,Qi Ogilvie,How does healthcare management shape decision making? A econometrics approach,BSc Business Management,UG-0441,"This dissertation investigates healthcare management in the context of UK firms. Using econometrics, the project collects secondary data from published sources and examines whether healthcare management is associated with measurable performance outcomes. The contribution lies in linking the healthcare management literature to practical decision making.",healthcare management,econometrics,Smith (2021); Lee and Wang (2020) on healthcare management,SUP100,,
s2300442,Alice Anderson,digital economy in the UK context: a case study study,BSc International Business,UG-0442,"This dissertation investigates digital economy in the context of UK firms. Using case study, the project collects secondary data from published sources and examines whether digital economy is associated with measurable performance outcomes. The contribution lies in linking the digital economy literature to practical decision making.",digital economy,case study,Smith (2021); Lee and Wang (2020) on digital economy,SUP026,,
s2300443,Dara Kerr,How does sustainability shape decision making? A machine learning approach,BSc Accounting & Finance,UG-0443,"This dissertation investigates sustainability in the context of UK firms. Using machine learning, the project collects secondary data from published sources and examines whether sustainability is associated with measurable performance outcomes. The contribution lies in linking the sustainability literature to practical decision making.",sustainability,machine learning,Smith (2021); Lee and Wang (2020) on sustainability,SUP057,,
s2300444,Isla Ogilvie,How does operations shape decision making? A econometrics approach,MA Economics & Business,UG-0444,"This dissertation investigates operations in the context of UK firms. Using econometrics, the project collects secondary data from published sources and examines whether operations is associated with measurable performance outcomes. The contribution lies in linking the operations literature to practical decision making.",operations,econometrics,Smith (2021); Lee and Wang (2020) on operations,,,
s2300445,Fraser MacLeod,Business topic to be confirmed,BSc Business Management,UG-0445,I am still deciding on my topic but I am interested in business.,,,,SUP101,,
s2300446,Will Zhang,strategy in the UK context: a econometrics study,MA Economics & Business,UG-0446,"This dissertation investigates strategy in the context of UK firms. Using econometrics, the project collects secondary data from published sources and examines whether strategy is associated with measurable performance outcomes. The contribution lies in linking the strategy literature to practical decision making.",strategy,econometrics,Smith (2021); Lee and Wang (2020) on strategy,,,
s2300447,Zoe Kerr,Measuring the effect of entrepreneurship on customer outcomes through interview,BSc International Business,UG-0447,"This dissertation investigates entrepreneurship in the context of UK firms. Using interview, the project collects secondary data from published sources and examines whether entrepreneurship is associated with measurable performance outcomes. The contribution lies in linking the entrepreneurship literature to practical decision making.",entrepreneurship,interview,Smith (2021); Lee and Wang (2020) on entrepreneurship,SUP093,,
s2300448,Kate Lewis,Measuring the effect of entrepreneurship on customer outcomes through interview,BSc Accounting & Finance,UG-0448,"This dissertation investigates entrepreneurship in the context of UK firms. Using interview, the project collects secondary data from published sources and examines whether entrepreneurship is associated with measurable performance outcomes. The contribution lies in linking the entrepreneurship literature to practical decision making.",entrepreneurship,interview,Smith (2021); Lee and Wang (2020) on entrepreneurship,SUP046,,
s2300449,Jian Hughes,Measuring the effect of retail on customer outcomes through survey,BSc International Business,UG-0449,"This dissertation investigates retail in the context of UK firms. Using survey, the project collects secondary data from published sources and examines whether retail is associated with measurable performance outcomes. The contribution lies in linking the retail literature to practical decision making.",retail,survey,Smith (2021); Lee and Wang (2020) on retail,SUP044,,
s2300450,Olga Watson,The impact of sustainability practices on firm performance: evidence from simulation,BSc International Business,UG-0450,"This dissertation investigates sustainability in the context of UK firms. Using simulation, the project collects secondary data from published sources and examines whether sustainability is associated with measurable performance outcomes. The contribution lies in linking the sustainability literature to practical decision making.",sustainability,simulation,Smith (2021); Lee and Wang (2020) on sustainability,,,
s2300451,Isla Evans,Measuring the effect of logistics on customer outcomes through text mining,BSc Business Management,UG-0451,"This dissertation investigates logistics in the context of UK firms. Using text mining, the project collects secondary data from published sources and examines whether logistics is associated with measurable performance outcomes. The contribution lies in linking the logistics literature to practical decision making.",logistics,text mining,Smith (2021); Lee and Wang (2020) on logistics,,,
s2300452,Alice Urquhart,Measuring the effect of marketing analytics on customer outcomes through network analysis,BSc Accounting & Finance,UG-0452,"This dissertation investigates marketing analytics in the context of UK firms. Using network analysis, the project collects secondary data from published sources and examines whether marketing analytics is associated with measurable performance outcomes. The contribution lies in linking the marketing analytics literature to practical decision making.",marketing analytics,network analysis,Smith (2021); Lee and Wang (2020) on marketing analytics,SUP094,,
s2300453,Rhona Evans,Business topic to be confirmed,BSc Business Management,UG-0453,I am still deciding on my topic but I am interested in business.,,,,,,
s2300454,Pavel Irvine,Exploring hrm adoption using simulation,BSc Business Management,UG-0454,"This dissertation investigates hrm in the context of UK firms. Using simulation, the project collects secondary data from published sources and examines whether hrm is associated with measurable performance outcomes. The contribution lies in linking the hrm literature to practical decision making.",hrm,simulation,Smith (2021); Lee and Wang (2020) on hrm,,,
